This is XeTeX, Version 3.141592653-2.6-0.999995 (TeX Live 2023/Debian) (preloaded format=xelatex 2026.5.28)  4 SEP 2026 09:02
entering extended mode
 restricted \write18 enabled.
 %&-line parsing enabled.
**main.tex
(./main.tex
LaTeX2e <2023-11-01> patch level 1
L3 programming layer <2024-01-22>
(/usr/share/texlive/texmf-dist/tex/latex/acmart/acmart.cls
Document Class: acmart 2024/02/04 v2.03 Typesetting articles for the Associatio
n for Computing Machinery
(/usr/share/texlive/texmf-dist/tex/latex/xkeyval/xkeyval.sty
Package: xkeyval 2022/06/16 v2.9 package option processing (HA)

(/usr/share/texlive/texmf-dist/tex/generic/xkeyval/xkeyval.tex
(/usr/share/texlive/texmf-dist/tex/generic/xkeyval/xkvutils.tex
\XKV@toks=\toks17
\XKV@tempa@toks=\toks18

(/usr/share/texlive/texmf-dist/tex/generic/xkeyval/keyval.tex))
\XKV@depth=\count183
File: xkeyval.tex 2014/12/03 v2.7a key=value parser (HA)
))
(/usr/share/texlive/texmf-dist/tex/generic/xstring/xstring.sty
(/usr/share/texlive/texmf-dist/tex/generic/xstring/xstring.tex
\xs_counta=\count184
\xs_countb=\count185
)
Package: xstring 2023/08/22 v1.86 String manipulations (CT)
)
(/usr/share/texlive/texmf-dist/tex/generic/iftex/iftex.sty
Package: iftex 2022/02/03 v1.0f TeX engine tests
)
Package acmart Info: Not using screen mode on input line 76.
Package acmart Info: Using breaking urls on hyphens on input line 84.
Package acmart Info: Requiring acmthm on input line 92.
Package acmart Info: Not using review mode on input line 101.
Package acmart Info: Not using authorversion mode on input line 109.
Package acmart Info: Not using nonacm mode on input line 121.
Package acmart Info: Explicitly selecting natbib mode on input line 137.
Package acmart Info: Not using anonymous mode on input line 145.
Package acmart Info: Not using timestamp mode on input line 153.
Package acmart Info: Not using authordraft mode on input line 163.
Package acmart Info: Using screen mode on input line 178.
Package acmart Info: Using review mode on input line 178.
Package acmart Info: Using anonymous mode on input line 178.
Class acmart Info: Using format sigplan, number 6 on input line 178.
Class acmart Info: Using fontsize 10pt on input line 280.

(/usr/share/texlive/texmf-dist/tex/latex/amscls/amsart.cls
Document Class: amsart 2020/05/29 v2.20.6
\linespacing=\dimen140
\normalparindent=\dimen141
\normaltopskip=\skip48
(/usr/share/texlive/texmf-dist/tex/latex/amsmath/amsmath.sty
Package: amsmath 2023/05/13 v2.17o AMS math features
\@mathmargin=\skip49

For additional information on amsmath, use the `?' option.
(/usr/share/texlive/texmf-dist/tex/latex/amsmath/amstext.sty
Package: amstext 2021/08/26 v2.01 AMS text

(/usr/share/texlive/texmf-dist/tex/latex/amsmath/amsgen.sty
File: amsgen.sty 1999/11/30 v2.0 generic functions
\@emptytoks=\toks19
\ex@=\dimen142
))
(/usr/share/texlive/texmf-dist/tex/latex/amsmath/amsbsy.sty
Package: amsbsy 1999/11/29 v1.2d Bold Symbols
\pmbraise@=\dimen143
)
(/usr/share/texlive/texmf-dist/tex/latex/amsmath/amsopn.sty
Package: amsopn 2022/04/08 v2.04 operator names
)
\inf@bad=\count186
LaTeX Info: Redefining \frac on input line 234.
\uproot@=\count187
\leftroot@=\count188
LaTeX Info: Redefining \overline on input line 399.
LaTeX Info: Redefining \colon on input line 410.
\classnum@=\count189
\DOTSCASE@=\count190
LaTeX Info: Redefining \ldots on input line 496.
LaTeX Info: Redefining \dots on input line 499.
LaTeX Info: Redefining \cdots on input line 620.
\Mathstrutbox@=\box51
\strutbox@=\box52
LaTeX Info: Redefining \big on input line 722.
LaTeX Info: Redefining \Big on input line 723.
LaTeX Info: Redefining \bigg on input line 724.
LaTeX Info: Redefining \Bigg on input line 725.
\big@size=\dimen144
LaTeX Font Info:    Redeclaring font encoding OML on input line 743.
LaTeX Font Info:    Redeclaring font encoding OMS on input line 744.
\macc@depth=\count191
LaTeX Info: Redefining \bmod on input line 905.
LaTeX Info: Redefining \pmod on input line 910.
LaTeX Info: Redefining \smash on input line 940.
LaTeX Info: Redefining \relbar on input line 970.
LaTeX Info: Redefining \Relbar on input line 971.
\c@MaxMatrixCols=\count192
\dotsspace@=\muskip16
\c@parentequation=\count193
\dspbrk@lvl=\count194
\tag@help=\toks20
\row@=\count195
\column@=\count196
\maxfields@=\count197
\andhelp@=\toks21
\eqnshift@=\dimen145
\alignsep@=\dimen146
\tagshift@=\dimen147
\tagwidth@=\dimen148
\totwidth@=\dimen149
\lineht@=\dimen150
\@envbody=\toks22
\multlinegap=\skip50
\multlinetaggap=\skip51
\mathdisplay@stack=\toks23
LaTeX Info: Redefining \[ on input line 2953.
LaTeX Info: Redefining \] on input line 2954.
)
LaTeX Font Info:    Trying to load font information for U+msa on input line 397
.

(/usr/share/texlive/texmf-dist/tex/latex/amsfonts/umsa.fd
File: umsa.fd 2013/01/14 v3.01 AMS symbols A
)
(/usr/share/texlive/texmf-dist/tex/latex/amsfonts/amsfonts.sty
Package: amsfonts 2013/01/14 v3.01 Basic AMSFonts support
\symAMSa=\mathgroup4
\symAMSb=\mathgroup5
LaTeX Font Info:    Redeclaring math symbol \hbar on input line 98.
LaTeX Font Info:    Overwriting math alphabet `\mathfrak' in version `bold'
(Font)                  U/euf/m/n --> U/euf/b/n on input line 106.
)
\copyins=\insert199
\abstractbox=\box53
\listisep=\skip52
\c@part=\count198
\c@section=\count266
\c@subsection=\count267
\c@subsubsection=\count268
\c@paragraph=\count269
\c@subparagraph=\count270
\c@figure=\count271
\c@table=\count272
\abovecaptionskip=\skip53
\belowcaptionskip=\skip54
\captionindent=\dimen151
\thm@style=\toks24
\thm@bodyfont=\toks25
\thm@headfont=\toks26
\thm@notefont=\toks27
\thm@headpunct=\toks28
\thm@preskip=\skip55
\thm@postskip=\skip56
\thm@headsep=\skip57
\dth@everypar=\toks29
)
(/usr/share/texlive/texmf-dist/tex/latex/microtype/microtype.sty
Package: microtype 2023/03/13 v3.1a Micro-typographical refinements (RS)

(/usr/share/texlive/texmf-dist/tex/latex/etoolbox/etoolbox.sty
Package: etoolbox 2020/10/05 v2.5k e-TeX tools for LaTeX (JAW)
\etb@tempcnta=\count273
)
\MT@toks=\toks30
\MT@tempbox=\box54
\MT@count=\count274
LaTeX Info: Redefining \noprotrusionifhmode on input line 1059.
LaTeX Info: Redefining \leftprotrusion on input line 1060.
\MT@prot@toks=\toks31
LaTeX Info: Redefining \rightprotrusion on input line 1078.
LaTeX Info: Redefining \textls on input line 1368.
\MT@outer@kern=\dimen152
LaTeX Info: Redefining \textmicrotypecontext on input line 1988.
\MT@listname@count=\count275

(/usr/share/texlive/texmf-dist/tex/latex/microtype/microtype-xetex.def
File: microtype-xetex.def 2023/03/13 v3.1a Definitions specific to xetex (RS)
LaTeX Info: Redefining \lsstyle on input line 238.
)
Package microtype Info: Loading configuration file microtype.cfg.

(/usr/share/texlive/texmf-dist/tex/latex/microtype/microtype.cfg
File: microtype.cfg 2023/03/13 v3.1a microtype main configuration file (RS)
))
(/usr/share/texlive/texmf-dist/tex/latex/booktabs/booktabs.sty
Package: booktabs 2020/01/12 v1.61803398 Publication quality tables
\heavyrulewidth=\dimen153
\lightrulewidth=\dimen154
\cmidrulewidth=\dimen155
\belowrulesep=\dimen156
\belowbottomsep=\dimen157
\aboverulesep=\dimen158
\abovetopsep=\dimen159
\cmidrulesep=\dimen160
\cmidrulekern=\dimen161
\defaultaddspace=\dimen162
\@cmidla=\count276
\@cmidlb=\count277
\@aboverulesep=\dimen163
\@belowrulesep=\dimen164
\@thisruleclass=\count278
\@lastruleclass=\count279
\@thisrulewidth=\dimen165
)
(/usr/share/texlive/texmf-dist/tex/latex/refcount/refcount.sty
Package: refcount 2019/12/15 v3.6 Data extraction from label references (HO)

(/usr/share/texlive/texmf-dist/tex/generic/ltxcmds/ltxcmds.sty
Package: ltxcmds 2023-12-04 v1.26 LaTeX kernel commands for general use (HO)
)
(/usr/share/texlive/texmf-dist/tex/generic/infwarerr/infwarerr.sty
Package: infwarerr 2019/12/03 v1.5 Providing info/warning/error messages (HO)
))
(/usr/share/texlive/texmf-dist/tex/latex/totpages/totpages.sty
Package: totpages 2005/09/19 v2.00 Totpages Package (muewi)

(/usr/share/texlive/texmf-dist/tex/latex/everyshi/everyshi.sty
Package: everyshi 2020/11/18 v4.00 EveryShipout Package
))
(/usr/share/texlive/texmf-dist/tex/latex/environ/environ.sty
Package: environ 2014/05/04 v0.3 A new way to define environments

(/usr/share/texlive/texmf-dist/tex/latex/trimspaces/trimspaces.sty
Package: trimspaces 2009/09/17 v1.1 Trim spaces around a token list
))
(/usr/share/texlive/texmf-dist/tex/latex/textcase/textcase.sty
Package: textcase 2023/07/27 v1.04 Text only upper/lower case changing (DPC)
Package textcase Info: Defining Legacy names on input line 20.
)
\@ACM@acmcp@delta=\dimen166

(/usr/share/texlive/texmf-dist/tex/latex/natbib/natbib.sty
Package: natbib 2010/09/13 8.31b (PWD, AO)
\bibhang=\skip58
\bibsep=\skip59
LaTeX Info: Redefining \cite on input line 694.
\c@NAT@ctr=\count280
)
(/usr/share/texlive/texmf-dist/tex/latex/hyperref/hyperref.sty
Package: hyperref 2024-01-20 v7.01h Hypertext links for LaTeX

(/usr/share/texlive/texmf-dist/tex/latex/kvsetkeys/kvsetkeys.sty
Package: kvsetkeys 2022-10-05 v1.19 Key value parser (HO)
)
(/usr/share/texlive/texmf-dist/tex/generic/kvdefinekeys/kvdefinekeys.sty
Package: kvdefinekeys 2019-12-19 v1.6 Define keys (HO)
)
(/usr/share/texlive/texmf-dist/tex/generic/pdfescape/pdfescape.sty
Package: pdfescape 2019/12/09 v1.15 Implements pdfTeX's escape features (HO)

(/usr/share/texlive/texmf-dist/tex/generic/pdftexcmds/pdftexcmds.sty
Package: pdftexcmds 2020-06-27 v0.33 Utility functions of pdfTeX for LuaTeX (HO
)
Package pdftexcmds Info: \pdf@primitive is available.
Package pdftexcmds Info: \pdf@ifprimitive is available.
Package pdftexcmds Info: \pdfdraftmode not found.
))
(/usr/share/texlive/texmf-dist/tex/latex/hycolor/hycolor.sty
Package: hycolor 2020-01-27 v1.10 Color options for hyperref/bookmark (HO)
)
(/usr/share/texlive/texmf-dist/tex/latex/auxhook/auxhook.sty
Package: auxhook 2019-12-17 v1.6 Hooks for auxiliary files (HO)
)
(/usr/share/texlive/texmf-dist/tex/latex/hyperref/nameref.sty
Package: nameref 2023-11-26 v2.56 Cross-referencing by name of section

(/usr/share/texlive/texmf-dist/tex/generic/gettitlestring/gettitlestring.sty
Package: gettitlestring 2019/12/15 v1.6 Cleanup title references (HO)

(/usr/share/texlive/texmf-dist/tex/latex/kvoptions/kvoptions.sty
Package: kvoptions 2022-06-15 v3.15 Key value format for package options (HO)
))
\c@section@level=\count281
)
\@linkdim=\dimen167
\Hy@linkcounter=\count282
\Hy@pagecounter=\count283

(/usr/share/texlive/texmf-dist/tex/latex/hyperref/pd1enc.def
File: pd1enc.def 2024-01-20 v7.01h Hyperref: PDFDocEncoding definition (HO)
)
(/usr/share/texlive/texmf-dist/tex/generic/intcalc/intcalc.sty
Package: intcalc 2019/12/15 v1.3 Expandable calculations with integers (HO)
)
\Hy@SavedSpaceFactor=\count284

(/usr/share/texlive/texmf-dist/tex/latex/hyperref/puenc.def
File: puenc.def 2024-01-20 v7.01h Hyperref: PDF Unicode definition (HO)
)
Package hyperref Info: Option `bookmarksnumbered' set `true' on input line 4062
.
Package hyperref Info: Option `unicode' set `true' on input line 4062.
Package hyperref Info: Hyper figures OFF on input line 4179.
Package hyperref Info: Link nesting OFF on input line 4184.
Package hyperref Info: Hyper index ON on input line 4187.
Package hyperref Info: Plain pages OFF on input line 4194.
Package hyperref Info: Backreferencing OFF on input line 4199.
Package hyperref Info: Implicit mode ON; LaTeX internals redefined.
Package hyperref Info: Bookmarks ON on input line 4446.
\c@Hy@tempcnt=\count285

(/usr/share/texlive/texmf-dist/tex/latex/url/url.sty
\Urlmuskip=\muskip17
Package: url 2013/09/16  ver 3.4  Verb mode for urls, etc.
)
LaTeX Info: Redefining \url on input line 4784.
\XeTeXLinkMargin=\dimen168

(/usr/share/texlive/texmf-dist/tex/generic/bitset/bitset.sty
Package: bitset 2019/12/09 v1.3 Handle bit-vector datatype (HO)

(/usr/share/texlive/texmf-dist/tex/generic/bigintcalc/bigintcalc.sty
Package: bigintcalc 2019/12/15 v1.5 Expandable calculations on big integers (HO
)
))
\Fld@menulength=\count286
\Field@Width=\dimen169
\Fld@charsize=\dimen170
Package hyperref Info: Hyper figures OFF on input line 6063.
Package hyperref Info: Link nesting OFF on input line 6068.
Package hyperref Info: Hyper index ON on input line 6071.
Package hyperref Info: backreferencing OFF on input line 6078.
Package hyperref Info: Link coloring OFF on input line 6083.
Package hyperref Info: Link coloring with OCG OFF on input line 6088.
Package hyperref Info: PDF/A mode OFF on input line 6093.

(/usr/share/texlive/texmf-dist/tex/latex/base/atbegshi-ltx.sty
Package: atbegshi-ltx 2021/01/10 v1.0c Emulation of the original atbegshi
package with kernel methods
)
\Hy@abspage=\count287
\c@Item=\count288
\c@Hfootnote=\count289
)
Package hyperref Info: Driver (autodetected): hxetex.

(/usr/share/texlive/texmf-dist/tex/latex/hyperref/hxetex.def
File: hxetex.def 2024-01-20 v7.01h Hyperref driver for XeTeX

(/usr/share/texlive/texmf-dist/tex/generic/stringenc/stringenc.sty
Package: stringenc 2019/11/29 v1.12 Convert strings between diff. encodings (HO
)
)
\pdfm@box=\box55
\c@Hy@AnnotLevel=\count290
\HyField@AnnotCount=\count291
\Fld@listcount=\count292
\c@bookmark@seq@number=\count293

(/usr/share/texlive/texmf-dist/tex/latex/rerunfilecheck/rerunfilecheck.sty
Package: rerunfilecheck 2022-07-10 v1.10 Rerun checks for auxiliary files (HO)

(/usr/share/texlive/texmf-dist/tex/latex/base/atveryend-ltx.sty
Package: atveryend-ltx 2020/08/19 v1.0a Emulation of the original atveryend pac
kage
with kernel methods
)
(/usr/share/texlive/texmf-dist/tex/generic/uniquecounter/uniquecounter.sty
Package: uniquecounter 2019/12/15 v1.4 Provide unlimited unique counter (HO)
)
Package uniquecounter Info: New unique counter `rerunfilecheck' on input line 2
85.
)
\Hy@SectionHShift=\skip60
)
(/usr/share/texlive/texmf-dist/tex/latex/hyperxmp/hyperxmp.sty
Package: hyperxmp 2023/09/10 v5.12 Store hyperref metadata in XMP format
\hyxmp@aep@toks=\toks32

(/usr/share/texlive/texmf-dist/tex/latex/ifmtarg/ifmtarg.sty
Package: ifmtarg 2018/04/16 v1.2b check for an empty argument
)
(/usr/share/texlive/texmf-dist/tex/latex/base/ifthen.sty
Package: ifthen 2022/04/13 v1.1d Standard LaTeX ifthen package (DPC)
)
\@hyxmp@count=\count294

(/usr/share/texlive/texmf-dist/tex/latex/oberdiek/ifdraft.sty
Package: ifdraft 2016/05/16 v1.4 Detect class options draft and final (HO)
)
(/usr/share/texlive/texmf-dist/tex/generic/iftex/ifluatex.sty
Package: ifluatex 2019/10/25 v1.5 ifluatex legacy package. Use iftex instead.
))
(/usr/share/texlive/texmf-dist/tex/latex/graphics/graphicx.sty
Package: graphicx 2021/09/16 v1.2d Enhanced LaTeX Graphics (DPC,SPQR)

(/usr/share/texlive/texmf-dist/tex/latex/graphics/graphics.sty
Package: graphics 2022/03/10 v1.4e Standard LaTeX Graphics (DPC,SPQR)

(/usr/share/texlive/texmf-dist/tex/latex/graphics/trig.sty
Package: trig 2021/08/11 v1.11 sin cos tan (DPC)
)
(/usr/share/texlive/texmf-dist/tex/latex/graphics-cfg/graphics.cfg
File: graphics.cfg 2016/06/04 v1.11 sample graphics configuration
)
Package graphics Info: Driver file: xetex.def on input line 107.

(/usr/share/texlive/texmf-dist/tex/latex/graphics-def/xetex.def
File: xetex.def 2022/09/22 v5.0n Graphics/color driver for xetex
))
\Gin@req@height=\dimen171
\Gin@req@width=\dimen172
)
(/usr/share/texlive/texmf-dist/tex/latex/xcolor/xcolor.sty
Package: xcolor 2023/11/15 v3.01 LaTeX color extensions (UK)

(/usr/share/texlive/texmf-dist/tex/latex/graphics-cfg/color.cfg
File: color.cfg 2016/01/02 v1.6 sample color configuration
)
Package xcolor Info: Driver file: xetex.def on input line 274.

(/usr/share/texlive/texmf-dist/tex/latex/graphics/mathcolor.ltx)
Package xcolor Info: Model `cmy' substituted by `cmy0' on input line 1350.
Package xcolor Info: Model `RGB' extended on input line 1366.
Package xcolor Info: Model `HTML' substituted by `rgb' on input line 1368.
Package xcolor Info: Model `Hsb' substituted by `hsb' on input line 1369.
Package xcolor Info: Model `tHsb' substituted by `hsb' on input line 1370.
Package xcolor Info: Model `HSB' substituted by `hsb' on input line 1371.
Package xcolor Info: Model `Gray' substituted by `gray' on input line 1372.
Package xcolor Info: Model `wave' substituted by `hsb' on input line 1373.
)
(/usr/share/texlive/texmf-dist/tex/latex/geometry/geometry.sty
Package: geometry 2020/01/02 v5.9 Page Geometry

(/usr/share/texlive/texmf-dist/tex/generic/iftex/ifvtex.sty
Package: ifvtex 2019/10/25 v1.7 ifvtex legacy package. Use iftex instead.
)
\Gm@cnth=\count295
\Gm@cntv=\count296
\c@Gm@tempcnt=\count297
\Gm@bindingoffset=\dimen173
\Gm@wd@mp=\dimen174
\Gm@odd@mp=\dimen175
\Gm@even@mp=\dimen176
\Gm@layoutwidth=\dimen177
\Gm@layoutheight=\dimen178
\Gm@layouthoffset=\dimen179
\Gm@layoutvoffset=\dimen180
\Gm@dimlist=\toks33
)
(/usr/share/texlive/texmf-dist/tex/latex/ncctools/manyfoot.sty
Package: manyfoot 2019/08/03 v1.11 Many Footnote Levels Package (NCC)

(/usr/share/texlive/texmf-dist/tex/latex/ncctools/nccfoots.sty
Package: nccfoots 2005/02/03 v1.2 NCC Footnotes Package (NCC)
)
\MFL@columnwidth=\dimen181
)
\footinsauthorsaddresses=\insert252
\c@footnoteauthorsaddresses=\count298
\footinscopyrightpermission=\insert251
\c@footnotecopyrightpermission=\count299

(/usr/share/texlive/texmf-dist/tex/latex/base/fontenc.sty
Package: fontenc 2021/04/29 v2.0v Standard LaTeX package
LaTeX Font Info:    Trying to load font information for T1+lmr on input line 11
2.

(/usr/share/texmf/tex/latex/lm/t1lmr.fd
File: t1lmr.fd 2015/05/01 v1.6.1 Font defs for Latin Modern
))
(/usr/share/texlive/texmf-dist/tex/latex/newtx/newtxmath.sty
Package: newtxmath 2023/11/05 v1.732

`newtxmath' v1.732, 2023/11/05 Math macros based originally on txfonts (msharpe
) (/usr/share/texlive/texmf-dist/tex/latex/oberdiek/centernot.sty
Package: centernot 2016/05/16 v1.4 Centers the not symbol horizontally (HO)
)
\tx@cntz=\count300

(/usr/share/texlive/texmf-dist/tex/generic/kastrup/binhex.tex)
\tx@Isdigit=\count301
\tx@IsAlNum=\count302
\tx@tA=\toks34
\tx@tB=\toks35
\tx@su=\read2

amsthm NOT loaded
LaTeX Font Info:    Redeclaring symbol font `operators' on input line 390.
LaTeX Font Info:    Overwriting symbol font `operators' in version `normal'
(Font)                  OT1/cmr/m/n --> OT1/minlibertine/m/n on input line 390.

LaTeX Font Info:    Overwriting symbol font `operators' in version `bold'
(Font)                  OT1/cmr/bx/n --> OT1/minlibertine/m/n on input line 390
.
LaTeX Font Info:    Overwriting symbol font `operators' in version `bold'
(Font)                  OT1/minlibertine/m/n --> OT1/minlibertine/b/n on input 
line 391.
LaTeX Font Info:    Redeclaring math alphabet \mathsf on input line 397.
LaTeX Font Info:    Overwriting math alphabet `\mathsf' in version `normal'
(Font)                  OT1/cmss/m/n --> T1/lmss/m/n on input line 397.
LaTeX Font Info:    Overwriting math alphabet `\mathsf' in version `bold'
(Font)                  OT1/cmss/bx/n --> T1/lmss/m/n on input line 397.
LaTeX Font Info:    Redeclaring math alphabet \mathit on input line 398.
LaTeX Font Info:    Overwriting math alphabet `\mathit' in version `normal'
(Font)                  OT1/cmr/m/it --> OT1/minlibertine/m/it on input line 39
8.
LaTeX Font Info:    Overwriting math alphabet `\mathit' in version `bold'
(Font)                  OT1/cmr/bx/it --> OT1/minlibertine/m/it on input line 3
98.
LaTeX Font Info:    Redeclaring math alphabet \mathtt on input line 399.
LaTeX Font Info:    Overwriting math alphabet `\mathtt' in version `normal'
(Font)                  OT1/cmtt/m/n --> T1/lmtt/m/n on input line 399.
LaTeX Font Info:    Overwriting math alphabet `\mathtt' in version `bold'
(Font)                  OT1/cmtt/m/n --> T1/lmtt/m/n on input line 399.
LaTeX Font Info:    Redeclaring math alphabet \mathbf on input line 401.
LaTeX Font Info:    Overwriting math alphabet `\mathbf' in version `normal'
(Font)                  OT1/cmr/bx/n --> OT1/minlibertine/b/n on input line 401
.
LaTeX Font Info:    Overwriting math alphabet `\mathbf' in version `bold'
(Font)                  OT1/cmr/bx/n --> OT1/minlibertine/b/n on input line 401
.
LaTeX Font Info:    Overwriting math alphabet `\mathit' in version `bold'
(Font)                  OT1/minlibertine/m/it --> OT1/minlibertine/b/it on inpu
t line 402.
LaTeX Font Info:    Overwriting math alphabet `\mathsf' in version `bold'
(Font)                  T1/lmss/m/n --> T1/lmss/b/n on input line 403.
LaTeX Font Info:    Overwriting math alphabet `\mathtt' in version `bold'
(Font)                  T1/lmtt/m/n --> T1/lmtt/b/n on input line 404.
LaTeX Font Info:    Redeclaring symbol font `letters' on input line 422.
LaTeX Font Info:    Overwriting symbol font `letters' in version `normal'
(Font)                  OML/cmm/m/it --> OML/nxlmi/m/it on input line 422.
LaTeX Font Info:    Overwriting symbol font `letters' in version `bold'
(Font)                  OML/cmm/b/it --> OML/nxlmi/m/it on input line 422.
LaTeX Font Info:    Overwriting symbol font `letters' in version `bold'
(Font)                  OML/nxlmi/m/it --> OML/nxlmi/b/it on input line 423.
\symlettersA=\mathgroup6
LaTeX Font Info:    Overwriting symbol font `lettersA' in version `bold'
(Font)                  U/ntxmia/m/it --> U/ntxmia/b/it on input line 562.
LaTeX Font Info:    Redeclaring math alphabet \mathfrak on input line 564.
LaTeX Font Info:    Redeclaring symbol font `symbols' on input line 583.
LaTeX Font Info:    Encoding `OMS' has changed to `LMS' for symbol font
(Font)              `symbols' in the math version `normal' on input line 583.
LaTeX Font Info:    Overwriting symbol font `symbols' in version `normal'
(Font)                  OMS/cmsy/m/n --> LMS/ntxsy/m/n on input line 583.
LaTeX Font Info:    Encoding `OMS' has changed to `LMS' for symbol font
(Font)              `symbols' in the math version `bold' on input line 583.
LaTeX Font Info:    Overwriting symbol font `symbols' in version `bold'
(Font)                  OMS/cmsy/b/n --> LMS/ntxsy/m/n on input line 583.
LaTeX Font Info:    Overwriting symbol font `symbols' in version `bold'
(Font)                  LMS/ntxsy/m/n --> LMS/ntxsy/b/n on input line 584.
\symAMSm=\mathgroup7
LaTeX Font Info:    Overwriting symbol font `AMSm' in version `bold'
(Font)                  U/ntxsym/m/n --> U/ntxsym/b/n on input line 609.
\symsymbolsC=\mathgroup8
LaTeX Font Info:    Overwriting symbol font `symbolsC' in version `bold'
(Font)                  U/ntxsyc/m/n --> U/ntxsyc/b/n on input line 630.
LaTeX Font Info:    Redeclaring symbol font `largesymbols' on input line 643.
LaTeX Font Info:    Encoding `OMX' has changed to `LMX' for symbol font
(Font)              `largesymbols' in the math version `normal' on input line 6
43.
LaTeX Font Info:    Overwriting symbol font `largesymbols' in version `normal'
(Font)                  OMX/cmex/m/n --> LMX/ntxexx/m/n on input line 643.
LaTeX Font Info:    Encoding `OMX' has changed to `LMX' for symbol font
(Font)              `largesymbols' in the math version `bold' on input line 643
.
LaTeX Font Info:    Overwriting symbol font `largesymbols' in version `bold'
(Font)                  OMX/cmex/m/n --> LMX/ntxexx/m/n on input line 643.
LaTeX Font Info:    Overwriting symbol font `largesymbols' in version `bold'
(Font)                  LMX/ntxexx/m/n --> LMX/ntxexx/b/n on input line 644.
\symlargesymbolsTXA=\mathgroup9
LaTeX Font Info:    Overwriting symbol font `largesymbolsTXA' in version `bold'

(Font)                  U/ntxexa/m/n --> U/ntxexa/b/n on input line 658.
\tx@sbptoks=\toks36
LaTeX Font Info:    Redeclaring math delimiter \lfloor on input line 881.
LaTeX Font Info:    Redeclaring math delimiter \rfloor on input line 882.
LaTeX Font Info:    Redeclaring math delimiter \lceil on input line 883.
LaTeX Font Info:    Redeclaring math delimiter \rceil on input line 884.
LaTeX Font Info:    Redeclaring math delimiter \lbrace on input line 889.
LaTeX Font Info:    Redeclaring math delimiter \rbrace on input line 890.
LaTeX Font Info:    Redeclaring math delimiter \langle on input line 892.
LaTeX Font Info:    Redeclaring math delimiter \rangle on input line 894.
LaTeX Font Info:    Redeclaring math delimiter \arrowvert on input line 898.
LaTeX Font Info:    Redeclaring math delimiter \vert on input line 899.
LaTeX Font Info:    Redeclaring math accent \dot on input line 970.
LaTeX Font Info:    Redeclaring math accent \ddot on input line 971.
LaTeX Font Info:    Redeclaring math accent \vec on input line 2044.
LaTeX Info: Redefining \Bbbk on input line 2834.
LaTeX Info: Redefining \not on input line 2982.
LaTeX Info: Redefining \textsquare on input line 3012.
LaTeX Info: Redefining \openbox on input line 3014.
) (/usr/share/texlive/texmf-dist/tex/latex/libertine/libertine.sty
Package: libertine 2023/11/26 (Bob Tennent) Supports Libertine and Biolinum fon
ts for all LaTeX engines.

(/usr/share/texlive/texmf-dist/tex/generic/iftex/ifxetex.sty
Package: ifxetex 2019/10/25 v0.7 ifxetex legacy package. Use iftex instead.
)
(/usr/share/texlive/texmf-dist/tex/latex/base/textcomp.sty
Package: textcomp 2020/02/02 v2.0n Standard LaTeX package
)
(/usr/share/texlive/texmf-dist/tex/latex/fontspec/fontspec.sty
(/usr/share/texlive/texmf-dist/tex/latex/l3packages/xparse/xparse.sty
(/usr/share/texlive/texmf-dist/tex/latex/l3kernel/expl3.sty
Package: expl3 2024-01-22 L3 programming layer (loader) 

(/usr/share/texlive/texmf-dist/tex/latex/l3backend/l3backend-xetex.def
File: l3backend-xetex.def 2024-01-04 L3 backend support: XeTeX
\g__graphics_track_int=\count303
\l__pdf_internal_box=\box56
\g__pdf_backend_object_int=\count304
\g__pdf_backend_annotation_int=\count305
\g__pdf_backend_link_int=\count306
))
Package: xparse 2023-10-10 L3 Experimental document command parser
)
Package: fontspec 2022/01/15 v2.8a Font selection for XeLaTeX and LuaLaTeX

(/usr/share/texlive/texmf-dist/tex/latex/fontspec/fontspec-xetex.sty
Package: fontspec-xetex 2022/01/15 v2.8a Font selection for XeLaTeX and LuaLaTe
X
\l__fontspec_script_int=\count307
\l__fontspec_language_int=\count308
\l__fontspec_strnum_int=\count309
\l__fontspec_tmp_int=\count310
\l__fontspec_tmpa_int=\count311
\l__fontspec_tmpb_int=\count312
\l__fontspec_tmpc_int=\count313
\l__fontspec_em_int=\count314
\l__fontspec_emdef_int=\count315
\l__fontspec_strong_int=\count316
\l__fontspec_strongdef_int=\count317
\l__fontspec_tmpa_dim=\dimen182
\l__fontspec_tmpb_dim=\dimen183
\l__fontspec_tmpc_dim=\dimen184

(/usr/share/texlive/texmf-dist/tex/latex/base/fontenc.sty
Package: fontenc 2021/04/29 v2.0v Standard LaTeX package
)
(/usr/share/texlive/texmf-dist/tex/latex/fontspec/fontspec.cfg)))

Package fontspec Info: Font family 'LinLibertine(0)' created for font
(fontspec)             'LinLibertine' with options [Ligatures = TeX,Extension
(fontspec)             =
(fontspec)             .otf,SmallCapsFeatures={Letters=SmallCaps},Ligatures=TeX
,Numbers
(fontspec)             = {Monospaced,Lining},Scale = 1,UprightFont =
(fontspec)             *_R,ItalicFont = *_RI,BoldFont = *_RB,BoldItalicFont =
(fontspec)             *_RBI].
(fontspec)              
(fontspec)              This font family consists of the following NFSS
(fontspec)             series/shapes:
(fontspec)              
(fontspec)             - 'normal' (m/n) with NFSS spec.:
(fontspec)             <->s*[1]"[LinLibertine_R.otf]/OT:script=latn;language=df
lt;+tnum;+lnum;mapping=tex-text;"
(fontspec)             - 'small caps'  (m/sc) with NFSS spec.:
(fontspec)             <->s*[1]"[LinLibertine_R.otf]/OT:script=latn;language=df
lt;+tnum;+lnum;+smcp;mapping=tex-text;"
(fontspec)             - 'bold' (b/n) with NFSS spec.:
(fontspec)             <->s*[1]"[LinLibertine_RB.otf]/OT:script=latn;language=d
flt;+tnum;+lnum;mapping=tex-text;"
(fontspec)             - 'bold small caps'  (b/sc) with NFSS spec.:
(fontspec)             <->s*[1]"[LinLibertine_RB.otf]/OT:script=latn;language=d
flt;+tnum;+lnum;+smcp;mapping=tex-text;"
(fontspec)             - 'italic' (m/it) with NFSS spec.:
(fontspec)             <->s*[1]"[LinLibertine_RI.otf]/OT:script=latn;language=d
flt;+tnum;+lnum;mapping=tex-text;"
(fontspec)             - 'italic small caps'  (m/scit) with NFSS spec.:
(fontspec)             <->s*[1]"[LinLibertine_RI.otf]/OT:script=latn;language=d
flt;+tnum;+lnum;+smcp;mapping=tex-text;"
(fontspec)             - 'bold italic' (b/it) with NFSS spec.:
(fontspec)             <->s*[1]"[LinLibertine_RBI.otf]/OT:script=latn;language=
dflt;+tnum;+lnum;mapping=tex-text;"
(fontspec)             - 'bold italic small caps'  (b/scit) with NFSS spec.:
(fontspec)             <->s*[1]"[LinLibertine_RBI.otf]/OT:script=latn;language=
dflt;+tnum;+lnum;+smcp;mapping=tex-text;"

LaTeX Font Info:    Font shape `TU/LinLibertine(0)/m/n' will be
(Font)              scaled to size 10.0pt on input line 307.


Package fontspec Warning: OpenType feature 'Numbers=Uppercase' (lnum) not
(fontspec)                available for font 'LinBiolinum_RB' with script
(fontspec)                'CustomDefault' and language 'Default'.


Package fontspec Warning: OpenType feature 'Numbers=Uppercase' (lnum) not
(fontspec)                available for font 'LinBiolinum_RB' with script
(fontspec)                'CustomDefault' and language 'Default'.


Package fontspec Info: Font family 'LinBiolinum(0)' created for font
(fontspec)             'LinBiolinum' with options [Ligatures = TeX,Extension =
(fontspec)             .otf,SmallCapsFeatures={Letters=SmallCaps},Ligatures=TeX
,Numbers
(fontspec)             = {Monospaced, Lining},Scale = 1,UprightFont =
(fontspec)             *_R,ItalicFont = *_RI,BoldFont = *_RB,BoldItalicFont =
(fontspec)             *_RBO].
(fontspec)              
(fontspec)              This font family consists of the following NFSS
(fontspec)             series/shapes:
(fontspec)              
(fontspec)             - 'normal' (m/n) with NFSS spec.:
(fontspec)             <->s*[1]"[LinBiolinum_R.otf]/OT:script=latn;language=dfl
t;+tnum;+lnum;mapping=tex-text;"
(fontspec)             - 'small caps'  (m/sc) with NFSS spec.:
(fontspec)             <->s*[1]"[LinBiolinum_R.otf]/OT:script=latn;language=dfl
t;+tnum;+lnum;+smcp;mapping=tex-text;"
(fontspec)             - 'bold' (b/n) with NFSS spec.:
(fontspec)             <->s*[1]"[LinBiolinum_RB.otf]/OT:script=latn;language=df
lt;+tnum;mapping=tex-text;"
(fontspec)             - 'bold small caps'  (b/sc) with NFSS spec.:
(fontspec)             <->s*[1]"[LinBiolinum_RB.otf]/OT:script=latn;language=df
lt;+tnum;+smcp;mapping=tex-text;"
(fontspec)             - 'italic' (m/it) with NFSS spec.:
(fontspec)             <->s*[1]"[LinBiolinum_RI.otf]/OT:script=latn;language=df
lt;+tnum;+lnum;mapping=tex-text;"
(fontspec)             - 'italic small caps'  (m/scit) with NFSS spec.:
(fontspec)             <->s*[1]"[LinBiolinum_RI.otf]/OT:script=latn;language=df
lt;+tnum;+lnum;+smcp;mapping=tex-text;"
(fontspec)             - 'bold italic' (b/it) with NFSS spec.:
(fontspec)             <->s*[1]"[LinBiolinum_RBO.otf]/OT:script=latn;language=d
flt;+tnum;+lnum;mapping=tex-text;"
(fontspec)             - 'bold italic small caps'  (b/scit) with NFSS spec.:
(fontspec)             <->s*[1]"[LinBiolinum_RBO.otf]/OT:script=latn;language=d
flt;+tnum;+lnum;+smcp;mapping=tex-text;"


Package fontspec Info: Font family 'LinLibertine(1)' created for font
(fontspec)             'LinLibertine' with options [Ligatures = TeX,Extension
(fontspec)             = .otf,SmallCapsFeatures={Letters=SmallCaps},Numbers =
(fontspec)             {Monospaced,Lining},Scale = 1,UprightFont =
(fontspec)             *_R,ItalicFont = *_RI,BoldFont = *_RB,BoldItalicFont =
(fontspec)             *_RBI].
(fontspec)              
(fontspec)              This font family consists of the following NFSS
(fontspec)             series/shapes:
(fontspec)              
(fontspec)             - 'normal' (m/n) with NFSS spec.:
(fontspec)             <->s*[1]"[LinLibertine_R.otf]/OT:script=latn;language=df
lt;+tnum;+lnum;mapping=tex-text;"
(fontspec)             - 'small caps'  (m/sc) with NFSS spec.:
(fontspec)             <->s*[1]"[LinLibertine_R.otf]/OT:script=latn;language=df
lt;+tnum;+lnum;+smcp;mapping=tex-text;"
(fontspec)             - 'bold' (b/n) with NFSS spec.:
(fontspec)             <->s*[1]"[LinLibertine_RB.otf]/OT:script=latn;language=d
flt;+tnum;+lnum;mapping=tex-text;"
(fontspec)             - 'bold small caps'  (b/sc) with NFSS spec.:
(fontspec)             <->s*[1]"[LinLibertine_RB.otf]/OT:script=latn;language=d
flt;+tnum;+lnum;+smcp;mapping=tex-text;"
(fontspec)             - 'italic' (m/it) with NFSS spec.:
(fontspec)             <->s*[1]"[LinLibertine_RI.otf]/OT:script=latn;language=d
flt;+tnum;+lnum;mapping=tex-text;"
(fontspec)             - 'italic small caps'  (m/scit) with NFSS spec.:
(fontspec)             <->s*[1]"[LinLibertine_RI.otf]/OT:script=latn;language=d
flt;+tnum;+lnum;+smcp;mapping=tex-text;"
(fontspec)             - 'bold italic' (b/it) with NFSS spec.:
(fontspec)             <->s*[1]"[LinLibertine_RBI.otf]/OT:script=latn;language=
dflt;+tnum;+lnum;mapping=tex-text;"
(fontspec)             - 'bold italic small caps'  (b/scit) with NFSS spec.:
(fontspec)             <->s*[1]"[LinLibertine_RBI.otf]/OT:script=latn;language=
dflt;+tnum;+lnum;+smcp;mapping=tex-text;"


Package fontspec Warning: OpenType feature 'Numbers= Monospaced, Lining'
(fontspec)                (tnum) not available for font 'LinLibertine_RZI'
(fontspec)                with script 'CustomDefault' and language 'Default'.


Package fontspec Warning: OpenType feature 'Numbers= Monospaced, Lining'
(fontspec)                (tnum) not available for font 'LinLibertine_RZI'
(fontspec)                with script 'CustomDefault' and language 'Default'.


Package fontspec Info: Font family 'LinLibertine(2)' created for font
(fontspec)             'LinLibertine' with options [Ligatures = TeX,Extension
(fontspec)             = .otf,SmallCapsFeatures={Letters=SmallCaps},Numbers =
(fontspec)             { Monospaced, Lining},Scale = 1,UprightFont =
(fontspec)             *_RZ,ItalicFont = *_RZI,BoldFont = *_RB,BoldItalicFont
(fontspec)             = *_RBI].
(fontspec)              
(fontspec)              This font family consists of the following NFSS
(fontspec)             series/shapes:
(fontspec)              
(fontspec)             - 'normal' (m/n) with NFSS spec.:
(fontspec)             <->s*[1]"[LinLibertine_RZ.otf]/OT:script=latn;language=d
flt;+tnum;+lnum;mapping=tex-text;"
(fontspec)             - 'small caps'  (m/sc) with NFSS spec.:
(fontspec)             <->s*[1]"[LinLibertine_RZ.otf]/OT:script=latn;language=d
flt;+tnum;+lnum;+smcp;mapping=tex-text;"
(fontspec)             - 'bold' (b/n) with NFSS spec.:
(fontspec)             <->s*[1]"[LinLibertine_RB.otf]/OT:script=latn;language=d
flt;+tnum;+lnum;mapping=tex-text;"
(fontspec)             - 'bold small caps'  (b/sc) with NFSS spec.:
(fontspec)             <->s*[1]"[LinLibertine_RB.otf]/OT:script=latn;language=d
flt;+tnum;+lnum;+smcp;mapping=tex-text;"
(fontspec)             - 'italic' (m/it) with NFSS spec.:
(fontspec)             <->s*[1]"[LinLibertine_RZI.otf]/OT:script=latn;language=
dflt;+lnum;mapping=tex-text;"
(fontspec)             - 'italic small caps'  (m/scit) with NFSS spec.:
(fontspec)             <->s*[1]"[LinLibertine_RZI.otf]/OT:script=latn;language=
dflt;+lnum;+smcp;mapping=tex-text;"
(fontspec)             - 'bold italic' (b/it) with NFSS spec.:
(fontspec)             <->s*[1]"[LinLibertine_RBI.otf]/OT:script=latn;language=
dflt;+tnum;+lnum;mapping=tex-text;"
(fontspec)             - 'bold italic small caps'  (b/scit) with NFSS spec.:
(fontspec)             <->s*[1]"[LinLibertine_RBI.otf]/OT:script=latn;language=
dflt;+tnum;+lnum;+smcp;mapping=tex-text;"


Package fontspec Info: Font family 'LinLibertine(3)' created for font
(fontspec)             'LinLibertine' with options [Ligatures = TeX,Extension
(fontspec)             = .otf,SmallCapsFeatures={Letters=SmallCaps},Numbers =
(fontspec)             {Monospaced,OldStyle},Scale = 1,UprightFont =
(fontspec)             *_R,ItalicFont = *_RI,BoldFont = *_RB,BoldItalicFont =
(fontspec)             *_RBI].
(fontspec)              
(fontspec)              This font family consists of the following NFSS
(fontspec)             series/shapes:
(fontspec)              
(fontspec)             - 'normal' (m/n) with NFSS spec.:
(fontspec)             <->s*[1]"[LinLibertine_R.otf]/OT:script=latn;language=df
lt;+tnum;+onum;mapping=tex-text;"
(fontspec)             - 'small caps'  (m/sc) with NFSS spec.:
(fontspec)             <->s*[1]"[LinLibertine_R.otf]/OT:script=latn;language=df
lt;+tnum;+onum;+smcp;mapping=tex-text;"
(fontspec)             - 'bold' (b/n) with NFSS spec.:
(fontspec)             <->s*[1]"[LinLibertine_RB.otf]/OT:script=latn;language=d
flt;+tnum;+onum;mapping=tex-text;"
(fontspec)             - 'bold small caps'  (b/sc) with NFSS spec.:
(fontspec)             <->s*[1]"[LinLibertine_RB.otf]/OT:script=latn;language=d
flt;+tnum;+onum;+smcp;mapping=tex-text;"
(fontspec)             - 'italic' (m/it) with NFSS spec.:
(fontspec)             <->s*[1]"[LinLibertine_RI.otf]/OT:script=latn;language=d
flt;+tnum;+onum;mapping=tex-text;"
(fontspec)             - 'italic small caps'  (m/scit) with NFSS spec.:
(fontspec)             <->s*[1]"[LinLibertine_RI.otf]/OT:script=latn;language=d
flt;+tnum;+onum;+smcp;mapping=tex-text;"
(fontspec)             - 'bold italic' (b/it) with NFSS spec.:
(fontspec)             <->s*[1]"[LinLibertine_RBI.otf]/OT:script=latn;language=
dflt;+tnum;+onum;mapping=tex-text;"
(fontspec)             - 'bold italic small caps'  (b/scit) with NFSS spec.:
(fontspec)             <->s*[1]"[LinLibertine_RBI.otf]/OT:script=latn;language=
dflt;+tnum;+onum;+smcp;mapping=tex-text;"


Package fontspec Info: Font family 'LinLibertine(4)' created for font
(fontspec)             'LinLibertine' with options [Ligatures = TeX,Extension
(fontspec)             = .otf,SmallCapsFeatures={Letters=SmallCaps},Numbers =
(fontspec)             {Monospaced,Lining},UprightFont = *_DR,ItalicFont =
(fontspec)             *_RI,BoldFont = *_RB,BoldItalicFont = *_RBI].
(fontspec)              
(fontspec)              This font family consists of the following NFSS
(fontspec)             series/shapes:
(fontspec)              
(fontspec)             - 'normal' (m/n) with NFSS spec.:
(fontspec)             <->"[LinLibertine_DR.otf]/OT:script=latn;language=dflt;+
tnum;+lnum;mapping=tex-text;"
(fontspec)             - 'small caps'  (m/sc) with NFSS spec.: 
(fontspec)             - 'bold' (b/n) with NFSS spec.:
(fontspec)             <->"[LinLibertine_RB.otf]/OT:script=latn;language=dflt;+
tnum;+lnum;mapping=tex-text;"
(fontspec)             - 'bold small caps'  (b/sc) with NFSS spec.:
(fontspec)             <->"[LinLibertine_RB.otf]/OT:script=latn;language=dflt;+
tnum;+lnum;+smcp;mapping=tex-text;"
(fontspec)             - 'italic' (m/it) with NFSS spec.:
(fontspec)             <->"[LinLibertine_RI.otf]/OT:script=latn;language=dflt;+
tnum;+lnum;mapping=tex-text;"
(fontspec)             - 'italic small caps'  (m/scit) with NFSS spec.:
(fontspec)             <->"[LinLibertine_RI.otf]/OT:script=latn;language=dflt;+
tnum;+lnum;+smcp;mapping=tex-text;"
(fontspec)             - 'bold italic' (b/it) with NFSS spec.:
(fontspec)             <->"[LinLibertine_RBI.otf]/OT:script=latn;language=dflt;
+tnum;+lnum;mapping=tex-text;"
(fontspec)             - 'bold italic small caps'  (b/scit) with NFSS spec.:
(fontspec)             <->"[LinLibertine_RBI.otf]/OT:script=latn;language=dflt;
+tnum;+lnum;+smcp;mapping=tex-text;"


Package fontspec Warning: OpenType feature 'Numbers=Uppercase' (lnum) not
(fontspec)                available for font 'LinBiolinum_RB' with script
(fontspec)                'CustomDefault' and language 'Default'.


Package fontspec Warning: OpenType feature 'Numbers=Uppercase' (lnum) not
(fontspec)                available for font 'LinBiolinum_RB' with script
(fontspec)                'CustomDefault' and language 'Default'.


Package fontspec Info: Font family 'LinBiolinum(1)' created for font
(fontspec)             'LinBiolinum' with options [Ligatures = TeX,Extension =
(fontspec)             .otf,SmallCapsFeatures={Letters=SmallCaps},Numbers =
(fontspec)             {Monospaced, Lining},Scale = 1,UprightFont =
(fontspec)             *_R,ItalicFont = *_RI,BoldFont = *_RB,BoldItalicFont =
(fontspec)             *_RBO].
(fontspec)              
(fontspec)              This font family consists of the following NFSS
(fontspec)             series/shapes:
(fontspec)              
(fontspec)             - 'normal' (m/n) with NFSS spec.:
(fontspec)             <->s*[1]"[LinBiolinum_R.otf]/OT:script=latn;language=dfl
t;+tnum;+lnum;mapping=tex-text;"
(fontspec)             - 'small caps'  (m/sc) with NFSS spec.:
(fontspec)             <->s*[1]"[LinBiolinum_R.otf]/OT:script=latn;language=dfl
t;+tnum;+lnum;+smcp;mapping=tex-text;"
(fontspec)             - 'bold' (b/n) with NFSS spec.:
(fontspec)             <->s*[1]"[LinBiolinum_RB.otf]/OT:script=latn;language=df
lt;+tnum;mapping=tex-text;"
(fontspec)             - 'bold small caps'  (b/sc) with NFSS spec.:
(fontspec)             <->s*[1]"[LinBiolinum_RB.otf]/OT:script=latn;language=df
lt;+tnum;+smcp;mapping=tex-text;"
(fontspec)             - 'italic' (m/it) with NFSS spec.:
(fontspec)             <->s*[1]"[LinBiolinum_RI.otf]/OT:script=latn;language=df
lt;+tnum;+lnum;mapping=tex-text;"
(fontspec)             - 'italic small caps'  (m/scit) with NFSS spec.:
(fontspec)             <->s*[1]"[LinBiolinum_RI.otf]/OT:script=latn;language=df
lt;+tnum;+lnum;+smcp;mapping=tex-text;"
(fontspec)             - 'bold italic' (b/it) with NFSS spec.:
(fontspec)             <->s*[1]"[LinBiolinum_RBO.otf]/OT:script=latn;language=d
flt;+tnum;+lnum;mapping=tex-text;"
(fontspec)             - 'bold italic small caps'  (b/scit) with NFSS spec.:
(fontspec)             <->s*[1]"[LinBiolinum_RBO.otf]/OT:script=latn;language=d
flt;+tnum;+lnum;+smcp;mapping=tex-text;"


Package fontspec Info: Font family 'LinBiolinum(2)' created for font
(fontspec)             'LinBiolinum' with options [Ligatures = TeX,Extension =
(fontspec)             .otf,SmallCapsFeatures={Letters=SmallCaps},Numbers =
(fontspec)             {Monospaced, OldStyle},Scale = 1,UprightFont =
(fontspec)             *_R,ItalicFont = *_RI,BoldFont = *_RB,BoldItalicFont =
(fontspec)             *_RBO].
(fontspec)              
(fontspec)              This font family consists of the following NFSS
(fontspec)             series/shapes:
(fontspec)              
(fontspec)             - 'normal' (m/n) with NFSS spec.:
(fontspec)             <->s*[1]"[LinBiolinum_R.otf]/OT:script=latn;language=dfl
t;+tnum;+onum;mapping=tex-text;"
(fontspec)             - 'small caps'  (m/sc) with NFSS spec.:
(fontspec)             <->s*[1]"[LinBiolinum_R.otf]/OT:script=latn;language=dfl
t;+tnum;+onum;+smcp;mapping=tex-text;"
(fontspec)             - 'bold' (b/n) with NFSS spec.:
(fontspec)             <->s*[1]"[LinBiolinum_RB.otf]/OT:script=latn;language=df
lt;+tnum;+onum;mapping=tex-text;"
(fontspec)             - 'bold small caps'  (b/sc) with NFSS spec.:
(fontspec)             <->s*[1]"[LinBiolinum_RB.otf]/OT:script=latn;language=df
lt;+tnum;+onum;+smcp;mapping=tex-text;"
(fontspec)             - 'italic' (m/it) with NFSS spec.:
(fontspec)             <->s*[1]"[LinBiolinum_RI.otf]/OT:script=latn;language=df
lt;+tnum;+onum;mapping=tex-text;"
(fontspec)             - 'italic small caps'  (m/scit) with NFSS spec.:
(fontspec)             <->s*[1]"[LinBiolinum_RI.otf]/OT:script=latn;language=df
lt;+tnum;+onum;+smcp;mapping=tex-text;"
(fontspec)             - 'bold italic' (b/it) with NFSS spec.:
(fontspec)             <->s*[1]"[LinBiolinum_RBO.otf]/OT:script=latn;language=d
flt;+tnum;+onum;mapping=tex-text;"
(fontspec)             - 'bold italic small caps'  (b/scit) with NFSS spec.:
(fontspec)             <->s*[1]"[LinBiolinum_RBO.otf]/OT:script=latn;language=d
flt;+tnum;+onum;+smcp;mapping=tex-text;"


Package fontspec Info: Font family 'LinLibertine(5)' created for font
(fontspec)             'LinLibertine' with options [Extension =
(fontspec)             .otf,HyphenChar=None,Scale = 1,UprightFont =
(fontspec)             *_M,ItalicFont = *_MO,BoldFont = *_MB,BoldItalicFont =
(fontspec)             *_MBO].
(fontspec)              
(fontspec)              This font family consists of the following NFSS
(fontspec)             series/shapes:
(fontspec)              
(fontspec)             - 'normal' (m/n) with NFSS spec.:
(fontspec)             <->s*[1]"[LinLibertine_M.otf]/OT:script=latn;language=df
lt;"
(fontspec)             - 'small caps'  (m/sc) with NFSS spec.: 
(fontspec)             and font adjustment code:
(fontspec)             \tex_hyphenchar:D \font =-1\scan_stop: 
(fontspec)             - 'bold' (b/n) with NFSS spec.:
(fontspec)             <->s*[1]"[LinLibertine_MB.otf]/OT:script=latn;language=d
flt;"
(fontspec)             - 'bold small caps'  (b/sc) with NFSS spec.: 
(fontspec)             and font adjustment code:
(fontspec)             \tex_hyphenchar:D \font =-1\scan_stop: 
(fontspec)             - 'italic' (m/it) with NFSS spec.:
(fontspec)             <->s*[1]"[LinLibertine_MO.otf]/OT:script=latn;language=d
flt;"
(fontspec)             - 'italic small caps'  (m/scit) with NFSS spec.: 
(fontspec)             and font adjustment code:
(fontspec)             \tex_hyphenchar:D \font =-1\scan_stop: 
(fontspec)             - 'bold italic' (b/it) with NFSS spec.:
(fontspec)             <->s*[1]"[LinLibertine_MBO.otf]/OT:script=latn;language=
dflt;"
(fontspec)             - 'bold italic small caps'  (b/scit) with NFSS spec.: 
(fontspec)             and font adjustment code:
(fontspec)             \tex_hyphenchar:D \font =-1\scan_stop: 


Package fontspec Info: Font family 'LinBiolinum_K(0)' created for font
(fontspec)             'LinBiolinum_K' with options [Extension =
(fontspec)             .otf,HyphenChar=None,BoldFont={},ItalicFont={},SmallCaps
Font={}].
(fontspec)              
(fontspec)              This font family consists of the following NFSS
(fontspec)             series/shapes:
(fontspec)              
(fontspec)             - 'normal' (m/n) with NFSS spec.:
(fontspec)             <->"[LinBiolinum_K.otf]/OT:script=latn;language=dflt;"
(fontspec)             - 'small caps'  (m/sc) with NFSS spec.: 
(fontspec)             and font adjustment code:
(fontspec)             \tex_hyphenchar:D \font =-1\scan_stop: 


Package fontspec Info: Font family 'LinLibertine_I(0)' created for font
(fontspec)             'LinLibertine_I' with options [Extension =
(fontspec)             .otf,HyphenChar=None,BoldFont={},ItalicFont={},SmallCaps
Font={}].
(fontspec)              
(fontspec)              This font family consists of the following NFSS
(fontspec)             series/shapes:
(fontspec)              
(fontspec)             - 'normal' (m/n) with NFSS spec.:
(fontspec)             <->"[LinLibertine_I.otf]/OT:script=latn;language=dflt;"
(fontspec)             - 'small caps'  (m/sc) with NFSS spec.: 
(fontspec)             and font adjustment code:
(fontspec)             \tex_hyphenchar:D \font =-1\scan_stop: 

LaTeX Info: Redefining \oldstylenums on input line 475.
LaTeX Info: Redefining \liningnums on input line 476.
(/usr/share/texlive/texmf-dist/tex/latex/libertine/LinLibertine_R.tex)
(/usr/share/texlive/texmf-dist/tex/latex/libertine/LinBiolinum_R.tex)
(/usr/share/texlive/texmf-dist/tex/latex/libertine/LinBiolinum_K.tex)
(/usr/share/texlive/texmf-dist/tex/latex/libertine/LinLibertine_I.tex)
(/usr/share/texlive/texmf-dist/tex/latex/libertine/LKey.tex)
LaTeX Info: Redefining \textsup on input line 552.
)
(/usr/share/texlive/texmf-dist/tex/latex/inconsolata/inconsolata.fontspec)

Package fontspec Info: Font family 'inconsolata(0)' created for font
(fontspec)             'inconsolata' with options
(fontspec)             [WordSpace={1,0,0},HyphenChar=None,PunctuationSpace=Word
Space,Extension
(fontspec)             = .otf,UprightFont = Inconsolatazi4-Regular,BoldFont =
(fontspec)             Inconsolatazi4-Bold,StylisticSet=3].
(fontspec)              
(fontspec)              This font family consists of the following NFSS
(fontspec)             series/shapes:
(fontspec)              
(fontspec)             - 'normal' (m/n) with NFSS spec.:
(fontspec)             <->"[Inconsolatazi4-Regular.otf]/OT:script=latn;language
=dflt;+ss03;"
(fontspec)             - 'small caps'  (m/sc) with NFSS spec.: 
(fontspec)             and font adjustment code:
(fontspec)             \fontdimen 2\font =1\fontdimen 2\font \fontdimen 3\font
(fontspec)             =0\fontdimen 3\font \fontdimen 4\font =0\fontdimen
(fontspec)             4\font \fontdimen 7\font =0\fontdimen 2\font
(fontspec)             \tex_hyphenchar:D \font =-1\scan_stop: 
(fontspec)             - 'bold' (b/n) with NFSS spec.:
(fontspec)             <->"[Inconsolatazi4-Bold.otf]/OT:script=latn;language=df
lt;+ss03;"
(fontspec)             - 'bold small caps'  (b/sc) with NFSS spec.: 
(fontspec)             and font adjustment code:
(fontspec)             \fontdimen 2\font =1\fontdimen 2\font \fontdimen 3\font
(fontspec)             =0\fontdimen 3\font \fontdimen 4\font =0\fontdimen
(fontspec)             4\font \fontdimen 7\font =0\fontdimen 2\font
(fontspec)             \tex_hyphenchar:D \font =-1\scan_stop: 


(/usr/share/texlive/texmf-dist/tex/latex/caption/caption.sty
Package: caption 2023/08/05 v3.6o Customizing captions (AR)

(/usr/share/texlive/texmf-dist/tex/latex/caption/caption3.sty
Package: caption3 2023/07/31 v2.4d caption3 kernel (AR)
\caption@tempdima=\dimen185
\captionmargin=\dimen186
\caption@leftmargin=\dimen187
\caption@rightmargin=\dimen188
\caption@width=\dimen189
\caption@indent=\dimen190
\caption@parindent=\dimen191
\caption@hangindent=\dimen192
Package caption Info: AMS or SMF document class detected.

(/usr/share/texlive/texmf-dist/tex/latex/caption/caption-ams-smf.sto
File: caption-ams-smf.sto 2020/08/22 v2.0 Adaption of the caption package to th
e AMS and SMF document classes (AR)
))
\c@caption@flags=\count318
\c@continuedfloat=\count319
Package caption Info: hyperref package is loaded.
)
(/usr/share/texlive/texmf-dist/tex/latex/float/float.sty
Package: float 2001/11/08 v1.3d Float enhancements (AL)
\c@float@type=\count320
\float@exts=\toks37
\float@box=\box57
\@float@everytoks=\toks38
\@floatcapt=\box58
)
\@float@every@sidebar=\toks39
\c@sidebar=\count321
\fulltextwidth=\dimen193
\@ACM@labelwidth=\dimen194
\listisep=\skip61
\num@authorgroups=\count322
\num@authors=\count323
\@ACM@badge@width=\skip62
\@ACM@title@width=\skip63
\@ACM@badge@skip=\skip64
Class acmart Info: Printing CCS on input line 1740.
Class acmart Info: Printing bibformat on input line 1740.
Class acmart Info: Suppressing folios on input line 1747.
Class acmart Info: Setting authorsperrow to 0 on input line 1750.

(/usr/share/texlive/texmf-dist/tex/latex/comment/comment.sty
\CommentStream=\write3

Excluding comment 'comment') Excluding comment 'CCSXML'
\c@@concepts=\count324
\mktitle@bx=\box59
\@ACM@acmcpbox=\box60
\@ACM@commabox=\box61
\author@bx=\box62
\author@bx@wd=\dimen195
\author@bx@sep=\skip65

(/usr/share/texlive/texmf-dist/tex/latex/fancyhdr/fancyhdr.sty
Package: fancyhdr 2022/11/09 v4.1 Extensive control of page headers and footers

\f@nch@headwidth=\skip66
\f@nch@O@elh=\skip67
\f@nch@O@erh=\skip68
\f@nch@O@olh=\skip69
\f@nch@O@orh=\skip70
\f@nch@O@elf=\skip71
\f@nch@O@erf=\skip72
\f@nch@O@olf=\skip73
\f@nch@O@orf=\skip74
)
\ACM@linecount@bx=\box63
\ACM@linecount@bxht=\skip75
\ACM@linecount=\count325

Special comment 'acks')
(/usr/share/texlive/texmf-dist/tex/latex/listings/listings.sty
\lst@mode=\count326
\lst@gtempboxa=\box64
\lst@token=\toks40
\lst@length=\count327
\lst@currlwidth=\dimen196
\lst@column=\count328
\lst@pos=\count329
\lst@lostspace=\dimen197
\lst@width=\dimen198
\lst@newlines=\count330
\lst@lineno=\count331
\lst@maxwidth=\dimen256

(/usr/share/texlive/texmf-dist/tex/latex/listings/lstmisc.sty
File: lstmisc.sty 2023/02/27 1.9 (Carsten Heinz)
\c@lstnumber=\count332
\lst@skipnumbers=\count333
\lst@framebox=\box65
)
(/usr/share/texlive/texmf-dist/tex/latex/listings/listings.cfg
File: listings.cfg 2023/02/27 1.9 listings configuration
))
Package: listings 2023/02/27 1.9 (Carsten Heinz)

(/usr/share/texlive/texmf-dist/tex/latex/pgf/frontendlayer/tikz.sty
(/usr/share/texlive/texmf-dist/tex/latex/pgf/basiclayer/pgf.sty
(/usr/share/texlive/texmf-dist/tex/latex/pgf/utilities/pgfrcs.sty
(/usr/share/texlive/texmf-dist/tex/generic/pgf/utilities/pgfutil-common.tex
\pgfutil@everybye=\toks41
\pgfutil@tempdima=\dimen257
\pgfutil@tempdimb=\dimen258
)
(/usr/share/texlive/texmf-dist/tex/generic/pgf/utilities/pgfutil-latex.def
\pgfutil@abb=\box66
)
(/usr/share/texlive/texmf-dist/tex/generic/pgf/utilities/pgfrcs.code.tex
(/usr/share/texlive/texmf-dist/tex/generic/pgf/pgf.revision.tex)
Package: pgfrcs 2023-01-15 v3.1.10 (3.1.10)
))
Package: pgf 2023-01-15 v3.1.10 (3.1.10)

(/usr/share/texlive/texmf-dist/tex/latex/pgf/basiclayer/pgfcore.sty
(/usr/share/texlive/texmf-dist/tex/latex/pgf/systemlayer/pgfsys.sty
(/usr/share/texlive/texmf-dist/tex/generic/pgf/systemlayer/pgfsys.code.tex
Package: pgfsys 2023-01-15 v3.1.10 (3.1.10)

(/usr/share/texlive/texmf-dist/tex/generic/pgf/utilities/pgfkeys.code.tex
\pgfkeys@pathtoks=\toks42
\pgfkeys@temptoks=\toks43

(/usr/share/texlive/texmf-dist/tex/generic/pgf/utilities/pgfkeyslibraryfiltered
.code.tex
\pgfkeys@tmptoks=\toks44
))
\pgf@x=\dimen259
\pgf@y=\dimen260
\pgf@xa=\dimen261
\pgf@ya=\dimen262
\pgf@xb=\dimen263
\pgf@yb=\dimen264
\pgf@xc=\dimen265
\pgf@yc=\dimen266
\pgf@xd=\dimen267
\pgf@yd=\dimen268
\w@pgf@writea=\write4
\r@pgf@reada=\read3
\c@pgf@counta=\count334
\c@pgf@countb=\count335
\c@pgf@countc=\count336
\c@pgf@countd=\count337
\t@pgf@toka=\toks45
\t@pgf@tokb=\toks46
\t@pgf@tokc=\toks47
\pgf@sys@id@count=\count338
 (/usr/share/texlive/texmf-dist/tex/generic/pgf/systemlayer/pgf.cfg
File: pgf.cfg 2023-01-15 v3.1.10 (3.1.10)
)
Driver file for pgf: pgfsys-xetex.def
(/usr/share/texlive/texmf-dist/tex/generic/pgf/systemlayer/pgfsys-xetex.def
File: pgfsys-xetex.def 2023-01-15 v3.1.10 (3.1.10)

(/usr/share/texlive/texmf-dist/tex/generic/pgf/systemlayer/pgfsys-dvipdfmx.def
File: pgfsys-dvipdfmx.def 2023-01-15 v3.1.10 (3.1.10)

(/usr/share/texlive/texmf-dist/tex/generic/pgf/systemlayer/pgfsys-common-pdf.de
f
File: pgfsys-common-pdf.def 2023-01-15 v3.1.10 (3.1.10)
)
\pgfsys@objnum=\count339
)))
(/usr/share/texlive/texmf-dist/tex/generic/pgf/systemlayer/pgfsyssoftpath.code.
tex
File: pgfsyssoftpath.code.tex 2023-01-15 v3.1.10 (3.1.10)
\pgfsyssoftpath@smallbuffer@items=\count340
\pgfsyssoftpath@bigbuffer@items=\count341
)
(/usr/share/texlive/texmf-dist/tex/generic/pgf/systemlayer/pgfsysprotocol.code.
tex
File: pgfsysprotocol.code.tex 2023-01-15 v3.1.10 (3.1.10)
))
(/usr/share/texlive/texmf-dist/tex/generic/pgf/basiclayer/pgfcore.code.tex
Package: pgfcore 2023-01-15 v3.1.10 (3.1.10)

(/usr/share/texlive/texmf-dist/tex/generic/pgf/math/pgfmath.code.tex
(/usr/share/texlive/texmf-dist/tex/generic/pgf/math/pgfmathutil.code.tex)
(/usr/share/texlive/texmf-dist/tex/generic/pgf/math/pgfmathparser.code.tex
\pgfmath@dimen=\dimen269
\pgfmath@count=\count342
\pgfmath@box=\box67
\pgfmath@toks=\toks48
\pgfmath@stack@operand=\toks49
\pgfmath@stack@operation=\toks50
)
(/usr/share/texlive/texmf-dist/tex/generic/pgf/math/pgfmathfunctions.code.tex)
(/usr/share/texlive/texmf-dist/tex/generic/pgf/math/pgfmathfunctions.basic.code
.tex)
(/usr/share/texlive/texmf-dist/tex/generic/pgf/math/pgfmathfunctions.trigonomet
ric.code.tex)
(/usr/share/texlive/texmf-dist/tex/generic/pgf/math/pgfmathfunctions.random.cod
e.tex)
(/usr/share/texlive/texmf-dist/tex/generic/pgf/math/pgfmathfunctions.comparison
.code.tex)
(/usr/share/texlive/texmf-dist/tex/generic/pgf/math/pgfmathfunctions.base.code.
tex)
(/usr/share/texlive/texmf-dist/tex/generic/pgf/math/pgfmathfunctions.round.code
.tex)
(/usr/share/texlive/texmf-dist/tex/generic/pgf/math/pgfmathfunctions.misc.code.
tex)
(/usr/share/texlive/texmf-dist/tex/generic/pgf/math/pgfmathfunctions.integerari
thmetics.code.tex)
(/usr/share/texlive/texmf-dist/tex/generic/pgf/math/pgfmathcalc.code.tex)
(/usr/share/texlive/texmf-dist/tex/generic/pgf/math/pgfmathfloat.code.tex
\c@pgfmathroundto@lastzeros=\count343
))
(/usr/share/texlive/texmf-dist/tex/generic/pgf/math/pgfint.code.tex)
(/usr/share/texlive/texmf-dist/tex/generic/pgf/basiclayer/pgfcorepoints.code.te
x
File: pgfcorepoints.code.tex 2023-01-15 v3.1.10 (3.1.10)
\pgf@picminx=\dimen270
\pgf@picmaxx=\dimen271
\pgf@picminy=\dimen272
\pgf@picmaxy=\dimen273
\pgf@pathminx=\dimen274
\pgf@pathmaxx=\dimen275
\pgf@pathminy=\dimen276
\pgf@pathmaxy=\dimen277
\pgf@xx=\dimen278
\pgf@xy=\dimen279
\pgf@yx=\dimen280
\pgf@yy=\dimen281
\pgf@zx=\dimen282
\pgf@zy=\dimen283
)
(/usr/share/texlive/texmf-dist/tex/generic/pgf/basiclayer/pgfcorepathconstruct.
code.tex
File: pgfcorepathconstruct.code.tex 2023-01-15 v3.1.10 (3.1.10)
\pgf@path@lastx=\dimen284
\pgf@path@lasty=\dimen285
)
(/usr/share/texlive/texmf-dist/tex/generic/pgf/basiclayer/pgfcorepathusage.code
.tex
File: pgfcorepathusage.code.tex 2023-01-15 v3.1.10 (3.1.10)
\pgf@shorten@end@additional=\dimen286
\pgf@shorten@start@additional=\dimen287
)
(/usr/share/texlive/texmf-dist/tex/generic/pgf/basiclayer/pgfcorescopes.code.te
x
File: pgfcorescopes.code.tex 2023-01-15 v3.1.10 (3.1.10)
\pgfpic=\box68
\pgf@hbox=\box69
\pgf@layerbox@main=\box70
\pgf@picture@serial@count=\count344
)
(/usr/share/texlive/texmf-dist/tex/generic/pgf/basiclayer/pgfcoregraphicstate.c
ode.tex
File: pgfcoregraphicstate.code.tex 2023-01-15 v3.1.10 (3.1.10)
\pgflinewidth=\dimen288
)
(/usr/share/texlive/texmf-dist/tex/generic/pgf/basiclayer/pgfcoretransformation
s.code.tex
File: pgfcoretransformations.code.tex 2023-01-15 v3.1.10 (3.1.10)
\pgf@pt@x=\dimen289
\pgf@pt@y=\dimen290
\pgf@pt@temp=\dimen291
)
(/usr/share/texlive/texmf-dist/tex/generic/pgf/basiclayer/pgfcorequick.code.tex
File: pgfcorequick.code.tex 2023-01-15 v3.1.10 (3.1.10)
)
(/usr/share/texlive/texmf-dist/tex/generic/pgf/basiclayer/pgfcoreobjects.code.t
ex
File: pgfcoreobjects.code.tex 2023-01-15 v3.1.10 (3.1.10)
)
(/usr/share/texlive/texmf-dist/tex/generic/pgf/basiclayer/pgfcorepathprocessing
.code.tex
File: pgfcorepathprocessing.code.tex 2023-01-15 v3.1.10 (3.1.10)
)
(/usr/share/texlive/texmf-dist/tex/generic/pgf/basiclayer/pgfcorearrows.code.te
x
File: pgfcorearrows.code.tex 2023-01-15 v3.1.10 (3.1.10)
\pgfarrowsep=\dimen292
)
(/usr/share/texlive/texmf-dist/tex/generic/pgf/basiclayer/pgfcoreshade.code.tex
File: pgfcoreshade.code.tex 2023-01-15 v3.1.10 (3.1.10)
\pgf@max=\dimen293
\pgf@sys@shading@range@num=\count345
\pgf@shadingcount=\count346
)
(/usr/share/texlive/texmf-dist/tex/generic/pgf/basiclayer/pgfcoreimage.code.tex
File: pgfcoreimage.code.tex 2023-01-15 v3.1.10 (3.1.10)
)
(/usr/share/texlive/texmf-dist/tex/generic/pgf/basiclayer/pgfcoreexternal.code.
tex
File: pgfcoreexternal.code.tex 2023-01-15 v3.1.10 (3.1.10)
\pgfexternal@startupbox=\box71
)
(/usr/share/texlive/texmf-dist/tex/generic/pgf/basiclayer/pgfcorelayers.code.te
x
File: pgfcorelayers.code.tex 2023-01-15 v3.1.10 (3.1.10)
)
(/usr/share/texlive/texmf-dist/tex/generic/pgf/basiclayer/pgfcoretransparency.c
ode.tex
File: pgfcoretransparency.code.tex 2023-01-15 v3.1.10 (3.1.10)
)
(/usr/share/texlive/texmf-dist/tex/generic/pgf/basiclayer/pgfcorepatterns.code.
tex
File: pgfcorepatterns.code.tex 2023-01-15 v3.1.10 (3.1.10)
)
(/usr/share/texlive/texmf-dist/tex/generic/pgf/basiclayer/pgfcorerdf.code.tex
File: pgfcorerdf.code.tex 2023-01-15 v3.1.10 (3.1.10)
)))
(/usr/share/texlive/texmf-dist/tex/generic/pgf/modules/pgfmoduleshapes.code.tex
File: pgfmoduleshapes.code.tex 2023-01-15 v3.1.10 (3.1.10)
\pgfnodeparttextbox=\box72
) (/usr/share/texlive/texmf-dist/tex/generic/pgf/modules/pgfmoduleplot.code.tex
File: pgfmoduleplot.code.tex 2023-01-15 v3.1.10 (3.1.10)
)
(/usr/share/texlive/texmf-dist/tex/latex/pgf/compatibility/pgfcomp-version-0-65
.sty
Package: pgfcomp-version-0-65 2023-01-15 v3.1.10 (3.1.10)
\pgf@nodesepstart=\dimen294
\pgf@nodesepend=\dimen295
)
(/usr/share/texlive/texmf-dist/tex/latex/pgf/compatibility/pgfcomp-version-1-18
.sty
Package: pgfcomp-version-1-18 2023-01-15 v3.1.10 (3.1.10)
)) (/usr/share/texlive/texmf-dist/tex/latex/pgf/utilities/pgffor.sty
(/usr/share/texlive/texmf-dist/tex/latex/pgf/utilities/pgfkeys.sty
(/usr/share/texlive/texmf-dist/tex/generic/pgf/utilities/pgfkeys.code.tex))
(/usr/share/texlive/texmf-dist/tex/latex/pgf/math/pgfmath.sty
(/usr/share/texlive/texmf-dist/tex/generic/pgf/math/pgfmath.code.tex))
(/usr/share/texlive/texmf-dist/tex/generic/pgf/utilities/pgffor.code.tex
Package: pgffor 2023-01-15 v3.1.10 (3.1.10)
\pgffor@iter=\dimen296
\pgffor@skip=\dimen297
\pgffor@stack=\toks51
\pgffor@toks=\toks52
))
(/usr/share/texlive/texmf-dist/tex/generic/pgf/frontendlayer/tikz/tikz.code.tex
Package: tikz 2023-01-15 v3.1.10 (3.1.10)

(/usr/share/texlive/texmf-dist/tex/generic/pgf/libraries/pgflibraryplothandlers
.code.tex
File: pgflibraryplothandlers.code.tex 2023-01-15 v3.1.10 (3.1.10)
\pgf@plot@mark@count=\count347
\pgfplotmarksize=\dimen298
)
\tikz@lastx=\dimen299
\tikz@lasty=\dimen300
\tikz@lastxsaved=\dimen301
\tikz@lastysaved=\dimen302
\tikz@lastmovetox=\dimen303
\tikz@lastmovetoy=\dimen304
\tikzleveldistance=\dimen305
\tikzsiblingdistance=\dimen306
\tikz@figbox=\box73
\tikz@figbox@bg=\box74
\tikz@tempbox=\box75
\tikz@tempbox@bg=\box76
\tikztreelevel=\count348
\tikznumberofchildren=\count349
\tikznumberofcurrentchild=\count350
\tikz@fig@count=\count351

(/usr/share/texlive/texmf-dist/tex/generic/pgf/modules/pgfmodulematrix.code.tex
File: pgfmodulematrix.code.tex 2023-01-15 v3.1.10 (3.1.10)
\pgfmatrixcurrentrow=\count352
\pgfmatrixcurrentcolumn=\count353
\pgf@matrix@numberofcolumns=\count354
)
\tikz@expandcount=\count355

(/usr/share/texlive/texmf-dist/tex/generic/pgf/frontendlayer/tikz/libraries/tik
zlibrarytopaths.code.tex
File: tikzlibrarytopaths.code.tex 2023-01-15 v3.1.10 (3.1.10)
)))
(/usr/share/texlive/texmf-dist/tex/latex/cleveref/cleveref.sty
Package: cleveref 2018/03/27 v0.21.4 Intelligent cross-referencing
Package cleveref Info: `hyperref' support loaded on input line 2370.
LaTeX Info: Redefining \cref on input line 2370.
LaTeX Info: Redefining \Cref on input line 2370.
LaTeX Info: Redefining \crefrange on input line 2370.
LaTeX Info: Redefining \Crefrange on input line 2370.
LaTeX Info: Redefining \cpageref on input line 2370.
LaTeX Info: Redefining \Cpageref on input line 2370.
LaTeX Info: Redefining \cpagerefrange on input line 2370.
LaTeX Info: Redefining \Cpagerefrange on input line 2370.
LaTeX Info: Redefining \labelcref on input line 2370.
LaTeX Info: Redefining \labelcpageref on input line 2370.
Package cleveref Info: `amsthm' support loaded on input line 3026.
Package cleveref Info: `listings' support loaded on input line 3131.
)
(/usr/share/texlive/texmf-dist/tex/generic/pgf/libraries/pgflibraryarrows.meta.
code.tex
File: pgflibraryarrows.meta.code.tex 2023-01-15 v3.1.10 (3.1.10)
\pgfarrowinset=\dimen307
\pgfarrowlength=\dimen308
\pgfarrowwidth=\dimen309
\pgfarrowlinewidth=\dimen310
)
(/usr/share/texlive/texmf-dist/tex/generic/pgf/frontendlayer/tikz/libraries/tik
zlibraryarrows.code.tex
File: tikzlibraryarrows.code.tex 2023-01-15 v3.1.10 (3.1.10)

(/usr/share/texlive/texmf-dist/tex/generic/pgf/libraries/pgflibraryarrows.code.
tex
File: pgflibraryarrows.code.tex 2023-01-15 v3.1.10 (3.1.10)
\arrowsize=\dimen311
))
(/usr/share/texlive/texmf-dist/tex/generic/pgf/frontendlayer/tikz/libraries/tik
zlibraryshapes.code.tex
File: tikzlibraryshapes.code.tex 2023-01-15 v3.1.10 (3.1.10)

(/usr/share/texlive/texmf-dist/tex/generic/pgf/frontendlayer/tikz/libraries/tik
zlibraryshapes.geometric.code.tex
File: tikzlibraryshapes.geometric.code.tex 2023-01-15 v3.1.10 (3.1.10)

(/usr/share/texlive/texmf-dist/tex/generic/pgf/libraries/shapes/pgflibraryshape
s.geometric.code.tex
File: pgflibraryshapes.geometric.code.tex 2023-01-15 v3.1.10 (3.1.10)
))
(/usr/share/texlive/texmf-dist/tex/generic/pgf/frontendlayer/tikz/libraries/tik
zlibraryshapes.misc.code.tex
File: tikzlibraryshapes.misc.code.tex 2023-01-15 v3.1.10 (3.1.10)

(/usr/share/texlive/texmf-dist/tex/generic/pgf/libraries/shapes/pgflibraryshape
s.misc.code.tex
File: pgflibraryshapes.misc.code.tex 2023-01-15 v3.1.10 (3.1.10)
))
(/usr/share/texlive/texmf-dist/tex/generic/pgf/frontendlayer/tikz/libraries/tik
zlibraryshapes.symbols.code.tex
File: tikzlibraryshapes.symbols.code.tex 2023-01-15 v3.1.10 (3.1.10)

(/usr/share/texlive/texmf-dist/tex/generic/pgf/libraries/shapes/pgflibraryshape
s.symbols.code.tex
File: pgflibraryshapes.symbols.code.tex 2023-01-15 v3.1.10 (3.1.10)
))
(/usr/share/texlive/texmf-dist/tex/generic/pgf/frontendlayer/tikz/libraries/tik
zlibraryshapes.arrows.code.tex
File: tikzlibraryshapes.arrows.code.tex 2023-01-15 v3.1.10 (3.1.10)

(/usr/share/texlive/texmf-dist/tex/generic/pgf/libraries/shapes/pgflibraryshape
s.arrows.code.tex
File: pgflibraryshapes.arrows.code.tex 2023-01-15 v3.1.10 (3.1.10)
))
(/usr/share/texlive/texmf-dist/tex/generic/pgf/frontendlayer/tikz/libraries/tik
zlibraryshapes.callouts.code.tex
(/usr/share/texlive/texmf-dist/tex/generic/pgf/libraries/shapes/pgflibraryshape
s.callouts.code.tex))
(/usr/share/texlive/texmf-dist/tex/generic/pgf/frontendlayer/tikz/libraries/tik
zlibraryshapes.multipart.code.tex
File: tikzlibraryshapes.multipart.code.tex 2023-01-15 v3.1.10 (3.1.10)

(/usr/share/texlive/texmf-dist/tex/generic/pgf/libraries/shapes/pgflibraryshape
s.multipart.code.tex
File: pgflibraryshapes.multipart.code.tex 2023-01-15 v3.1.10 (3.1.10)
\pgfnodepartlowerbox=\box77
\pgfnodeparttwobox=\box78
\pgfnodepartthreebox=\box79
\pgfnodepartfourbox=\box80
\pgfnodeparttwentybox=\box81
\pgfnodepartnineteenbox=\box82
\pgfnodeparteighteenbox=\box83
\pgfnodepartseventeenbox=\box84
\pgfnodepartsixteenbox=\box85
\pgfnodepartfifteenbox=\box86
\pgfnodepartfourteenbox=\box87
\pgfnodepartthirteenbox=\box88
\pgfnodeparttwelvebox=\box89
\pgfnodepartelevenbox=\box90
\pgfnodeparttenbox=\box91
\pgfnodepartninebox=\box92
\pgfnodeparteightbox=\box93
\pgfnodepartsevenbox=\box94
\pgfnodepartsixbox=\box95
\pgfnodepartfivebox=\box96
)))
(/usr/share/texlive/texmf-dist/tex/generic/pgf/frontendlayer/tikz/libraries/tik
zlibrarypositioning.code.tex
File: tikzlibrarypositioning.code.tex 2023-01-15 v3.1.10 (3.1.10)
)
(/usr/share/texlive/texmf-dist/tex/generic/pgf/frontendlayer/tikz/libraries/tik
zlibraryfit.code.tex
File: tikzlibraryfit.code.tex 2023-01-15 v3.1.10 (3.1.10)
)
(/usr/share/texlive/texmf-dist/tex/generic/pgf/frontendlayer/tikz/libraries/tik
zlibrarybackgrounds.code.tex
File: tikzlibrarybackgrounds.code.tex 2023-01-15 v3.1.10 (3.1.10)
\pgf@layerbox@background=\box97
\pgf@layerboxsaved@background=\box98
)
(/usr/share/texlive/texmf-dist/tex/generic/pgf/frontendlayer/tikz/libraries/tik
zlibrarycalc.code.tex
File: tikzlibrarycalc.code.tex 2023-01-15 v3.1.10 (3.1.10)
) (./generated_results.tex) Excluding 'CCSXML' comment.
Package hyperref Info: Option `colorlinks' set `true' on input line 77.
Package hyperref Info: Option `pdfdisplaydoctitle' set `true' on input line 77.

\c@theorem=\count356

(/usr/share/texlive/texmf-dist/tex/latex/preprint/balance.sty
Package: balance 1999/02/23 4.3 (PWD)
\oldvsize=\dimen312
)
Include comment 'screenonly' Excluding comment 'printonly'
Excluding comment 'anonsuppress' Excluding comment 'acks' (./main.aux)
\openout1 = `main.aux'.

LaTeX Font Info:    Checking defaults for OML/nxlmi/m/it on input line 77.
LaTeX Font Info:    Trying to load font information for OML+nxlmi on input line
 77.

(/usr/share/texlive/texmf-dist/tex/latex/newtx/omlnxlmi.fd
File: omlnxlmi.fd 2013/11/19 Fontinst v1.933 font definitions for OML/nxlmi.
)
LaTeX Font Info:    ... okay on input line 77.
LaTeX Font Info:    Checking defaults for OMS/cmsy/m/n on input line 77.
LaTeX Font Info:    ... okay on input line 77.
LaTeX Font Info:    Checking defaults for OT1/cmr/m/n on input line 77.
LaTeX Font Info:    ... okay on input line 77.
LaTeX Font Info:    Checking defaults for T1/cmr/m/n on input line 77.
LaTeX Font Info:    ... okay on input line 77.
LaTeX Font Info:    Checking defaults for TS1/cmr/m/n on input line 77.
LaTeX Font Info:    Trying to load font information for TS1+cmr on input line 7
7.

(/usr/share/texlive/texmf-dist/tex/latex/base/ts1cmr.fd
File: ts1cmr.fd 2023/04/13 v2.5m Standard LaTeX font definitions
)
LaTeX Font Info:    ... okay on input line 77.
LaTeX Font Info:    Checking defaults for TU/lmr/m/n on input line 77.
LaTeX Font Info:    ... okay on input line 77.
LaTeX Font Info:    Checking defaults for OMX/cmex/m/n on input line 77.
LaTeX Font Info:    ... okay on input line 77.
LaTeX Font Info:    Checking defaults for U/ntxexa/m/n on input line 77.
LaTeX Font Info:    Trying to load font information for U+ntxexa on input line 
77.

(/usr/share/texlive/texmf-dist/tex/latex/newtx/untxexa.fd
File: untxexa.fd 2012/04/16 Fontinst v1.933 font definitions for U/ntxexa.
)
LaTeX Font Info:    ... okay on input line 77.
LaTeX Font Info:    Checking defaults for PD1/pdf/m/n on input line 77.
LaTeX Font Info:    ... okay on input line 77.
LaTeX Font Info:    Checking defaults for PU/pdf/m/n on input line 77.
LaTeX Font Info:    ... okay on input line 77.
LaTeX Font Info:    Checking defaults for LMS/ntxsy/m/n on input line 77.
LaTeX Font Info:    Trying to load font information for LMS+ntxsy on input line
 77.

(/usr/share/texlive/texmf-dist/tex/latex/newtx/lmsntxsy.fd
File: lmsntxsy.fd 2016/07/02 Fontinst v1.933 font definitions for LMS/ntxsy.
)
LaTeX Font Info:    ... okay on input line 77.
LaTeX Font Info:    Checking defaults for LMX/ntxexx/m/n on input line 77.
LaTeX Font Info:    Trying to load font information for LMX+ntxexx on input lin
e 77.

(/usr/share/texlive/texmf-dist/tex/latex/newtx/lmxntxexx.fd
File: lmxntxexx.fd 2016/07/03 Fontinst v1.933 font definitions for LMX/ntxexx.
)
LaTeX Font Info:    ... okay on input line 77.
LaTeX Font Info:    Font shape `TU/LinLibertine(0)/m/n' will be
(Font)              scaled to size 8.0pt on input line 77.
LaTeX Font Info:    Trying to load font information for OT1+minlibertine on inp
ut line 77.

(/usr/share/texlive/texmf-dist/tex/latex/newtx/ot1minlibertine.fd
File: ot1minlibertine.fd 2013/10/12 v1.0
)
LaTeX Font Info:    Trying to load font information for U+msa on input line 77.


(/usr/share/texlive/texmf-dist/tex/latex/amsfonts/umsa.fd
File: umsa.fd 2013/01/14 v3.01 AMS symbols A
)
LaTeX Font Info:    Trying to load font information for U+msb on input line 77.


(/usr/share/texlive/texmf-dist/tex/latex/amsfonts/umsb.fd
File: umsb.fd 2013/01/14 v3.01 AMS symbols B
)
LaTeX Font Info:    Trying to load font information for U+ntxmia on input line 
77.

(/usr/share/texlive/texmf-dist/tex/latex/newtx/untxmia.fd
File: untxmia.fd 2018/04/14 Fontinst v1.933 font definitions for U/ntxmia.
)
LaTeX Font Info:    Trying to load font information for U+ntxsym on input line 
77.

(/usr/share/texlive/texmf-dist/tex/latex/newtx/untxsym.fd
File: untxsym.fd 2023/08/16 Fontinst v1.933 font definitions for U/ntxsym.
)
LaTeX Font Info:    Trying to load font information for U+ntxsyc on input line 
77.

(/usr/share/texlive/texmf-dist/tex/latex/newtx/untxsyc.fd
File: untxsyc.fd 2012/04/12 Fontinst v1.933 font definitions for U/ntxsyc.
)
LaTeX Info: Command `\dddot' is already robust on input line 77.
LaTeX Info: Command `\ddddot' is already robust on input line 77.
LaTeX Info: Redefining \microtypecontext on input line 77.
Package microtype Info: Applying patch `item' on input line 77.
Package microtype Info: Applying patch `toc' on input line 77.
Package microtype Info: Applying patch `eqnum' on input line 77.
Package microtype Info: Applying patch `footnote' on input line 77.
Package microtype Info: Applying patch `verbatim' on input line 77.
Package microtype Info: Character protrusion enabled (level 2).
Package microtype Info: Using default protrusion set `alltext'.
Package microtype Info: No adjustment of tracking.
Package microtype Info: No adjustment of spacing.
Package microtype Info: No adjustment of kerning.
Package microtype Info: Loading generic protrusion settings for font family
(microtype)             `LinLibertine' (encoding: TU).
(microtype)             For optimal results, create family-specific settings.
(microtype)             See the microtype manual for details.
Package hyperref Info: Link coloring ON on input line 77.
 (./main.out)
(./main.out)
\@outlinefile=\write5
\openout5 = `main.out'.


*geometry* driver: auto-detecting
*geometry* detected driver: xetex
*geometry* verbose mode - [ preamble ] result:
* driver: xetex
* paper: custom
* layout: <same size as paper>
* layoutoffset:(h,v)=(0.0pt,0.0pt)
* modes: twoside heightrounded 
* h-part:(L,W,R)=(54.2025pt, 505.89pt, 54.2025pt)
* v-part:(T,H,B)=(72.26999pt, 650.43001pt, 72.26999pt)
* \paperwidth=614.295pt
* \paperheight=794.96999pt
* \textwidth=505.89pt
* \textheight=646.0pt
* \oddsidemargin=-18.06749pt
* \evensidemargin=-18.06749pt
* \topmargin=-27.0pt
* \headheight=13.0pt
* \headsep=14.0pt
* \topskip=10.0pt
* \footskip=12.0pt
* \marginparwidth=24.0pt
* \marginparsep=11.0pt
* \columnsep=24.0pt
* \skip\footins=7.0pt plus 11.0pt
* \hoffset=0.0pt
* \voffset=0.0pt
* \mag=1000
* \@twocolumnfalse
* \@twosidetrue
* \@mparswitchtrue
* \@reversemarginfalse
* (1in=72.27pt=25.4mm, 1cm=28.453pt)

Package caption Info: Begin \AtBeginDocument code.
Package caption Info: float package is loaded.
Package caption Info: listings package is loaded.
Package caption Info: End \AtBeginDocument code.
\c@lstlisting=\count357
LaTeX Font Info:    Font shape `TU/LinLibertine(0)/m/n' will be
(Font)              scaled to size 20.74pt on input line 79.
LaTeX Font Info:    Font shape `TU/LinLibertine(0)/b/n' will be
(Font)              scaled to size 20.74pt on input line 79.
LaTeX Font Info:    Font shape `TU/LinLibertine(0)/b/sc' will be
(Font)              scaled to size 20.74pt on input line 79.
LaTeX Font Info:    Font shape `TU/LinLibertine(0)/m/n' will be
(Font)              scaled to size 12.0pt on input line 79.
LaTeX Font Info:    Font shape `TU/LinLibertine(0)/m/it' will be
(Font)              scaled to size 8.0pt on input line 79.
LaTeX Font Info:    Font shape `TU/LinBiolinum(0)/m/n' will be
(Font)              scaled to size 8.0pt on input line 79.
Package microtype Info: Loading generic protrusion settings for font family
(microtype)             `LinBiolinum' (encoding: TU).
(microtype)             For optimal results, create family-specific settings.
(microtype)             See the microtype manual for details.
LaTeX Font Info:    Font shape `TU/LinLibertine(0)/b/n' will be
(Font)              scaled to size 10.0pt on input line 79.
LaTeX Font Info:    Font shape `TU/LinLibertine(0)/b/n' will be
(Font)              scaled to size 12.0pt on input line 79.
LaTeX Font Info:    Font shape `TU/LinLibertine(0)/m/sc' will be
(Font)              scaled to size 10.0pt on input line 79.
Package microtype Info: Loading generic protrusion settings for font family
(microtype)             `inconsolata' (encoding: TU).
(microtype)             For optimal results, create family-specific settings.
(microtype)             See the microtype manual for details.

Overfull \hbox (18.76842pt too wide) in paragraph at lines 79--79
\TU/LinLibertine(0)/m/sc/10 reharness\TU/LinLibertine(0)/m/n/10 , a hybrid LLM 
translation framework with a bounded
 []


Overfull \hbox (3.06172pt too wide) in paragraph at lines 79--79
\TU/LinLibertine(0)/m/n/10 facing behavior in a structured Register Interaction
 Sequence
 []


Overfull \hbox (7.72089pt too wide) in paragraph at lines 79--79
\TU/LinLibertine(0)/m/n/10 Backend plugins translate this evidence—never raw C 
source—
 []


Overfull \hbox (26.59921pt too wide) in paragraph at lines 79--79
\TU/LinLibertine(0)/m/n/10 while deterministic compilation, receipt accounting 
(per-operation
 []


Overfull \hbox (2.36006pt too wide) in paragraph at lines 79--79
\TU/LinLibertine(0)/m/n/10 1909-line Rust targets. Evaluation over 19 drivers a
nd 3 multi-
 []


Overfull \hbox (1.80836pt too wide) in paragraph at lines 79--79
\TU/LinLibertine(0)/m/n/10 source modules separates deterministic baseline comp
ilation
 []


Overfull \hbox (6.20004pt too wide) in paragraph at lines 79--79
\TU/LinLibertine(0)/m/n/10 reproduce. Per-backend provenance and evidence are d
etailed
 []

LaTeX Font Info:    Font shape `TU/LinLibertine(0)/b/it' will be
(Font)              scaled to size 10.0pt on input line 79.
Package microtype Info: Loading generic protrusion settings for font family
(microtype)             `minlibertine' (encoding: OT1).
(microtype)             For optimal results, create family-specific settings.
(microtype)             See the microtype manual for details.
Package microtype Info: Character `AE ' is missing
(microtype)             in font `OT1/minlibertine/m/n/10'.
(microtype)             Ignoring protrusion settings for this character.
Package microtype Info: Character `AE ' is missing
(microtype)             in font `OT1/minlibertine/m/n/7.3'.
(microtype)             Ignoring protrusion settings for this character.
Package microtype Info: Character `AE ' is missing
(microtype)             in font `OT1/minlibertine/m/n/5.5'.
(microtype)             Ignoring protrusion settings for this character.
(/usr/share/texlive/texmf-dist/tex/latex/microtype/mt-msa.cfg
File: mt-msa.cfg 2006/02/04 v1.1 microtype config. file: AMS symbols (a) (RS)
)
(/usr/share/texlive/texmf-dist/tex/latex/microtype/mt-msb.cfg
File: mt-msb.cfg 2005/06/01 v1.0 microtype config. file: AMS symbols (b) (RS)
)
LaTeX Font Info:    Font shape `TU/LinLibertine(0)/m/it' will be
(Font)              scaled to size 10.0pt on input line 79.

Overfull \hbox (3.11423pt too wide) in paragraph at lines 79--79
 []\TU/LinLibertine(0)/b/it/10 CCS Concepts: \TU/LinLibertine(0)/m/n/10 • \TU/L
inLibertine(0)/b/n/10 Computer systems organization $\LMS/ntxsy/m/n/10 !$ \TU/L
inLibertine(0)/b/n/10 Em-
 []

LaTeX Font Info:    Font shape `TU/LinLibertine(0)/m/n' will be
(Font)              scaled to size 9.0pt on input line 79.
LaTeX Font Info:    Font shape `TU/LinLibertine(0)/b/n' will be
(Font)              scaled to size 9.0pt on input line 79.
LaTeX Font Info:    Font shape `TU/LinLibertine(0)/m/sc' will be
(Font)              scaled to size 9.0pt on input line 79.
LaTeX Font Info:    Font shape `TU/LinLibertine(0)/m/it' will be
(Font)              scaled to size 9.0pt on input line 79.
LaTeX Font Info:    Font shape `TU/LinBiolinum(0)/m/n' will be
(Font)              scaled to size 9.0pt on input line 79.
Package microtype Info: Character `AE ' is missing
(microtype)             in font `OT1/minlibertine/m/n/9'.
(microtype)             Ignoring protrusion settings for this character.
(./sections_1_2.tex
Overfull \hbox (3.96172pt too wide) in paragraph at lines 8--9
\TU/LinLibertine(0)/m/n/10 Device drivers constitute a large fraction of operat
ing-system
 []


Overfull \hbox (14.20172pt too wide) in paragraph at lines 8--9
\TU/LinLibertine(0)/m/n/10 code and account for a disproportionate share of ker
nel faults [[],
 []


Overfull \hbox (15.66673pt too wide) in paragraph at lines 8--9
\TU/LinLibertine(0)/m/n/10 firmware, another operating-system environment, or a
 memory-
 []


Overfull \hbox (4.73503pt too wide) in paragraph at lines 10--11
[]\TU/LinLibertine(0)/m/n/10 Existing translation approaches handle this mixtur
e poorly.
 []


Overfull \hbox (1.23174pt too wide) in paragraph at lines 10--11
\TU/LinLibertine(0)/m/n/10 quently carry Linux-specific framework code and its 
pointer-
 []


Overfull \hbox (1.04668pt too wide) in paragraph at lines 10--11
\TU/LinLibertine(0)/m/n/10 heavy representation into the target. The translated
 program
 []


Overfull \hbox (1.99919pt too wide) in paragraph at lines 10--11
\TU/LinLibertine(0)/m/n/10 tax. Direct large-language-model (LLM) translation t
akes the
 []

LaTeX Font Info:    Font shape `TU/LinLibertine(0)/m/n' will be
(Font)              scaled to size 7.0pt on input line 12.
[1.1

]
Overfull \hbox (7.1184pt too wide) in paragraph at lines 12--13
\TU/LinLibertine(0)/m/n/10 driver—including its framework glue—and records reco
gnized
 []


Overfull \hbox (3.3942pt too wide) in paragraph at lines 12--13
\TU/LinLibertine(0)/m/n/10 a backend-specific implementation. Third, determinis
tic com-
 []


Overfull \hbox (1.62839pt too wide) in paragraph at lines 16--34
[]\TU/LinLibertine(0)/m/n/10 Confining the model to the extracted contract also
 reduces
 []


Overfull \hbox (2.4551pt too wide) in paragraph at lines 16--34
\TU/LinLibertine(0)/m/n/10 harness pair’s lines are receipt and anchor markers 
that carry
 []


Underfull \vbox (badness 10000) has occurred while \output is active []


Overfull \hbox (5.22755pt too wide) in paragraph at lines 40--41
\TU/LinLibertine(0)/m/n/10 erations with typed regmap/I2C/MFD transactions and
 []


Overfull \hbox (3.81006pt too wide) in paragraph at lines 42--43
[]\TU/LinLibertine(0)/b/n/10 A constrained hybrid LLM translator \TU/LinLiberti
ne(0)/m/n/10 in which four
 []


Overfull \hbox (7.8251pt too wide) in paragraph at lines 42--43
\TU/LinLibertine(0)/m/n/10 and a fixed backend prompt, never the original C sou
rce. 
 []


Overfull \hbox (5.0884pt too wide) in paragraph at lines 46--47
[]\TU/LinLibertine(0)/b/n/10 An artifact-backed evaluation \TU/LinLibertine(0)/
m/n/10 over 19 single-source
 []


Overfull \hbox (2.97504pt too wide) in paragraph at lines 46--47
\TU/LinLibertine(0)/m/n/10 strained pipeline quantifying what the automated bud
-
 []


Overfull \hbox (7.53172pt too wide) in paragraph at lines 54--55
\TU/LinLibertine(0)/m/n/10 one isolated block. A \TU/inconsolata(0)/m/n/10 prob
e \TU/LinLibertine(0)/m/n/10 callback acquires MMIO resources
 []


Overfull \hbox (3.68422pt too wide) in paragraph at lines 56--57
[]\TU/LinLibertine(0)/m/n/10 A useful cross-backend representation must separat
e these
 []


Underfull \vbox (badness 4279) has occurred while \output is active []

LaTeX Font Info:    Font shape `TU/LinBiolinum(0)/m/n' will be
(Font)              scaled to size 10.0pt on input line 57.
 [2.2]
Overfull \hbox (3.49004pt too wide) in paragraph at lines 62--79
\TU/LinLibertine(0)/m/n/10 per accessors, register-dependent branches, transact
ion APIs,
 []


Overfull \hbox (1.55423pt too wide) in paragraph at lines 62--79
\TU/LinLibertine(0)/m/n/10 and buffer/FIFO ordering remain encoded in target-la
nguage
 []


Overfull \hbox (4.88257pt too wide) in paragraph at lines 80--92
\TU/LinLibertine(0)/m/n/10 model must decide which callbacks matter, distinguis
h MMIO
 []


Overfull \hbox (5.04507pt too wide) in paragraph at lines 80--92
\TU/LinLibertine(0)/m/n/10 work accordingly stays within bounded tasks—mining s
yscall
 []


Underfull \vbox (badness 10000) has occurred while \output is active []


Overfull \hbox (3.49088pt too wide) in paragraph at lines 95--102
 []\TU/LinLibertine(0)/b/it/10 A deterministic semantic boundary.[] \TU/LinLibe
rtine(0)/m/n/10 Hybrid translators
 []


Overfull \hbox (9.81837pt too wide) in paragraph at lines 103--104
\TU/LinLibertine(0)/m/n/10 patches automate collateral driver evolution at kern
el scale [[],
 []


Overfull \hbox (5.52675pt too wide) in paragraph at lines 105--116
\TU/LinLibertine(0)/m/n/10 relevant operations and their provenance; flow-sensi
tive anal-
 []

) (./sections_3_5.tex
Underfull \vbox (badness 2698) has occurred while \output is active []

LaTeX Font Info:    Font shape `TU/LinBiolinum(0)/m/sc' will be
(Font)              scaled to size 8.0pt on input line 4.
 [3.3]
Overfull \hbox (8.99509pt too wide) in paragraph at lines 11--12
\TU/LinLibertine(0)/m/n/10 forms C driver source into verification-gated, backe
nd-specific
 []


Overfull \hbox (3.08257pt too wide) in paragraph at lines 65--73
\TU/LinLibertine(0)/m/n/10 or prove whole-program refinement; RIS defines the r
equired
 []


LaTeX Font Warning: Font shape `TU/inconsolata(0)/m/it' undefined
(Font)              using `TU/inconsolata(0)/m/n' instead on input line 81.


Overfull \hbox (9.18088pt too wide) in paragraph at lines 96--97
[]\TU/inconsolata(0)/m/n/10 W(<width>, <addr>) = <expr> \TU/LinLibertine(0)/m/n
/10 — Write: stores a com-
 []


Overfull \hbox (16.51503pt too wide) in paragraph at lines 97--98
[]\TU/inconsolata(0)/m/n/10 RMW(<width>, <addr>) = <transform> \TU/LinLibertine
(0)/m/n/10 — logical Read-
 []


Overfull \hbox (25.7484pt too wide) in paragraph at lines 100--106
\TU/LinLibertine(0)/m/n/10 or the corresponding register field width in Rust \T
U/inconsolata(0)/m/n/10 tock-registers\TU/LinLibertine(0)/m/n/10 ). 
 []


Overfull \hbox (4.12085pt too wide) in paragraph at lines 110--111
[]\TU/LinLibertine(0)/m/n/10 Reads: \TU/inconsolata(0)/m/n/10 TXREAD[<transport
>] <target>@<selector>
 []

[4.4]
LaTeX Font Info:    Font shape `TU/LinLibertine(0)/m/n' will be
(Font)              scaled to size 7.3pt on input line 131.
LaTeX Font Info:    Font shape `TU/LinLibertine(0)/m/n' will be
(Font)              scaled to size 5.5pt on input line 131.

Overfull \hbox (4.90219pt too wide) detected at line 132
\LMS/ntxsy/m/n/10 A \U/ntxmia/m/it/10 = []  \LMS/ntxsy/m/n/10 [  []  [  []
 []


Overfull \hbox (6.79588pt too wide) in paragraph at lines 134--135
\TU/LinLibertine(0)/m/n/10 carries a runtime expression, such as \TU/inconsolat
a(0)/m/n/10 base + (1 << (offset
 []


Overfull \hbox (1.51091pt too wide) in paragraph at lines 151--152
 []\TU/LinLibertine(0)/b/it/10 Example.[] \TU/LinLibertine(0)/m/n/10 Listing []
[]1[][] shows an extracted RIS fragment from
 []

Package hyperref Info: bookmark level for unknown lstlisting defaults to 0 on i
nput line 153.

Overfull \hbox (3.93423pt too wide) in paragraph at lines 166--167
[]\TU/LinLibertine(0)/m/n/10 The \TU/inconsolata(0)/m/n/10 VALUE \TU/LinLiberti
ne(0)/m/n/10 operation records that \TU/inconsolata(0)/m/n/10 txw \TU/LinLibert
ine(0)/m/n/10 is derived from deref-
 []


Overfull \hbox (3.71837pt too wide) in paragraph at lines 166--167
\TU/LinLibertine(0)/m/n/10 tions advance the buffer cursor and decrement the re
maining-
 []


Overfull \hbox (2.56253pt too wide) in paragraph at lines 170--179
\TU/LinLibertine(0)/m/n/10 erence to its RIS module. Callback-table evidence ta
kes prece-
 []


Overfull \hbox (4.11919pt too wide) in paragraph at lines 180--181
\TU/LinLibertine(0)/m/n/10 invariants. MMIO base expressions become device-stat
e bind-
 []


Underfull \vbox (badness 4832) has occurred while \output is active []

 [5.5]
Overfull \hbox (8.44174pt too wide) in paragraph at lines 192--193
\TU/LinLibertine(0)/m/n/10 The extraction stage transforms complete Linux drive
r sources
 []


Overfull \hbox (32.40588pt too wide) in paragraph at lines 198--199
\TU/LinLibertine(0)/m/n/10 register identifiers to integer offsets, allowing \T
U/inconsolata(0)/m/n/10 base + GPIO_INT_EN
 []


Overfull \hbox (1.20256pt too wide) in paragraph at lines 206--207
\TU/LinLibertine(0)/m/n/10 target function, the extractor performs a flow-sensi
tive intra-
 []


Overfull \hbox (7.09235pt too wide) in paragraph at lines 206--207
\TU/LinLibertine(0)/m/n/10 ments in source order, maintaining an \TU/LinLiberti
ne(0)/m/it/10 abstract store $\U/ntxmia/m/it/10 ^^F \OT1/minlibertine/m/n/10 : 
[] \LMS/ntxsy/m/n/10 !
 []


Underfull \vbox (badness 4279) has occurred while \output is active []


Overfull \hbox (29.67172pt too wide) in paragraph at lines 217--218
\TU/LinLibertine(0)/m/n/10 ceeds, assignments update the store: \TU/inconsolata
(0)/m/n/10 g = gpiochip_get_data(gc)
 []


Overfull \hbox (4.60504pt too wide) in paragraph at lines 219--220
\TU/inconsolata(0)/m/n/10 GPIO_INT_STAT)\TU/LinLibertine(0)/m/n/10 ), it evalua
tes the address expression against
 []


Overfull \hbox (2.25839pt too wide) in paragraph at lines 219--220
\TU/inconsolata(0)/m/n/10 + GPIO_INT_STAT \TU/LinLibertine(0)/m/n/10 is split a
t the top-level \TU/inconsolata(0)/m/n/10 +\TU/LinLibertine(0)/m/n/10 , yieldin
g \TU/inconsolata(0)/m/n/10 g->base
 []


Overfull \hbox (61.57922pt too wide) in paragraph at lines 219--220
\TU/LinLibertine(0)/m/n/10 solved to \TU/inconsolata(0)/m/n/10 Offset \TU/LinLi
bertine(0)/m/n/10 via the macro table, with \TU/inconsolata(0)/m/n/10 reg_name 
= "GPIO_INT_STAT"\TU/LinLibertine(0)/m/n/10 ).
 []


Overfull \hbox (5.33507pt too wide) in paragraph at lines 221--222
\TU/LinLibertine(0)/m/n/10 tion and for generating code that reproduces the sam
e branch-
 []


Overfull \hbox (8.07335pt too wide) in paragraph at lines 225--226
\TU/inconsolata(0)/m/n/10 |= BIT(n)\TU/LinLibertine(0)/m/n/10 , \TU/inconsolata
(0)/m/n/10 v &= mask\TU/LinLibertine(0)/m/n/10 , etc.) are accumulated. When a 
\TU/inconsolata(0)/m/n/10 writel
 []

[6.6]
Overfull \hbox (27.52151pt too wide) in paragraph at lines 227--228
\TU/LinLibertine(0)/m/n/10 is mutated by function $\OML/nxlmi/m/it/10 f[]$\TU/L
inLibertine(0)/m/n/10 , the transform becomes $[]\LMS/ntxsy/m/n/10 ¹\OML/nxlmi/
m/it/10 g[]; f[]\LMS/ntxsy/m/n/10 ¹\OML/nxlmi/m/it/10 v[]\LMS/ntxsy/m/n/10 º\OM
L/nxlmi/m/it/10 ; :::\LMS/ntxsy/m/n/10 º$\TU/LinLibertine(0)/m/n/10 .
 []


Overfull \hbox (5.67172pt too wide) in paragraph at lines 227--228
\TU/LinLibertine(0)/m/n/10 checks its receipt and primitive-shape obligations o
nly within
 []


Overfull \hbox (2.73169pt too wide) in paragraph at lines 231--232
 []\TU/LinLibertine(0)/b/it/10 Wrapper inlining and inter-procedural analysis.[
] \TU/LinLibertine(0)/m/n/10 Real
 []


Overfull \hbox (10.43504pt too wide) in paragraph at lines 237--238
[]\TU/LinLibertine(0)/m/n/10 For multi-source drivers spanning multiple transla
tion units,
 []


Overfull \hbox (14.05424pt too wide) in paragraph at lines 237--238
\TU/LinLibertine(0)/m/n/10 the call graph is extended with cross-TU edges resol
ved through
 []


Overfull \hbox (4.02255pt too wide) in paragraph at lines 237--238
\TU/LinLibertine(0)/m/n/10 whole-program analysis, resolving 223 cross-translat
ion-unit
 []


Overfull \hbox (7.86006pt too wide) in paragraph at lines 242--249
\TU/LinLibertine(0)/m/n/10 AST models an access such as \TU/inconsolata(0)/m/n/
10 readl(mmio + IO_ID) \TU/LinLibertine(0)/m/n/10 through
 []


Underfull \vbox (badness 2698) has occurred while \output is active []


Overfull \hbox (3.95506pt too wide) in paragraph at lines 250--258
\TU/LinLibertine(0)/m/n/10 Each translation unit is compiled with the driver’s 
real Kbuild
 []


Overfull \hbox (1.7384pt too wide) in paragraph at lines 266--275
\TU/LinLibertine(0)/m/n/10 an operation with GEP-verified byte offset (the addr
ess chain
 []


Overfull \hbox (9.86671pt too wide) in paragraph at lines 266--275
\TU/LinLibertine(0)/m/n/10 is walked through \TU/inconsolata(0)/m/n/10 geteleme
ntptr \TU/LinLibertine(0)/m/n/10 instructions; loop unrolling
 []


Overfull \hbox (1.60591pt too wide) in paragraph at lines 276--283
\TU/LinLibertine(0)/m/n/10 can carry \TU/LinLibertine(0)/m/it/10 several \TU/Li
nLibertine(0)/m/n/10 source variables, so name selection is scope-
 []


Overfull \hbox (1.40672pt too wide) in paragraph at lines 276--283
\TU/LinLibertine(0)/m/n/10 first) wins; genuinely ambiguous temporaries keep sy
nthetic
 []


Underfull \vbox (badness 10000) has occurred while \output is active []

 [7.7]
Overfull \hbox (3.42758pt too wide) in paragraph at lines 297--306
\TU/LinLibertine(0)/m/n/10 icates, callback bindings, functional-state operatio
ns, and val-
 []


Overfull \hbox (3.39505pt too wide) in paragraph at lines 313--314
[]\TU/LinLibertine(0)/m/n/10 The extractor identifies three categories of funct
ional-state
 []


Overfull \hbox (60.00836pt too wide) in paragraph at lines 315--316
\TU/inconsolata(0)/m/n/10 txw = *(u8 *)(dws->tx) \TU/LinLibertine(0)/m/n/10 pro
duces \TU/inconsolata(0)/m/n/10 txw := VALUE(*(u8 *)(dws->tx))\TU/LinLibertine(
0)/m/n/10 .
 []


Overfull \hbox (2.05504pt too wide) in paragraph at lines 315--316
\TU/LinLibertine(0)/m/n/10 pure control-flow temporaries remain internal datafl
ow facts
 []


Overfull \hbox (8.24669pt too wide) in paragraph at lines 317--318
\TU/LinLibertine(0)/m/n/10 tion is recorded. This includes pointer advancements
 (\TU/inconsolata(0)/m/n/10 dws->tx
 []


Overfull \hbox (2.78256pt too wide) in paragraph at lines 317--318
\TU/LinLibertine(0)/m/n/10 bers are also captured, reconstructed as additive as
signments. 
 []


Overfull \hbox (12.34836pt too wide) in paragraph at lines 319--320
\TU/inconsolata(0)/m/n/10 *(u8 *)(dws->rx) = rxw \TU/LinLibertine(0)/m/n/10 pro
duces \TU/inconsolata(0)/m/n/10 OUT(*(u8 *)(dws->rx))
 []


Overfull \hbox (6.31837pt too wide) in paragraph at lines 325--326
 []\TU/LinLibertine(0)/b/it/10 Typed transactions.[] \TU/LinLibertine(0)/m/n/10
 Many drivers interact with hardware
 []


Overfull \hbox (9.30003pt too wide) in paragraph at lines 325--326
\TU/LinLibertine(0)/m/n/10 Device) helpers expose per-subdevice register access
ors. These
 []


Overfull \hbox (3.34505pt too wide) in paragraph at lines 327--328
[]\TU/LinLibertine(0)/m/sc/10 reharness \TU/LinLibertine(0)/m/n/10 recognizes p
ublic regmap and I2C/SMBus read,
 []

) (./sections_6_8.tex
Overfull \hbox (7.08342pt too wide) in paragraph at lines 329--5
\TU/LinLibertine(0)/m/n/10 tics that flat MMIO representations lose: a \TU/inco
nsolata(0)/m/n/10 TXUPDATE[regmap]
 []


Overfull \hbox (5.27003pt too wide) in paragraph at lines 12--16
\TU/LinLibertine(0)/m/n/10 lected source facts. This section defines the subset
 that crosses
 []


Overfull \hbox (3.78177pt too wide) in paragraph at lines 20--28
\TU/LinLibertine(0)/m/it/10 driver \TU/LinLibertine(0)/m/n/10 (identity and cla
ss), \TU/LinLibertine(0)/m/it/10 registers \TU/LinLibertine(0)/m/n/10 (name, of
fset, width), \TU/LinLibertine(0)/m/it/10 mod-
 []


Overfull \hbox (3.46924pt too wide) in paragraph at lines 20--28
\TU/LinLibertine(0)/m/it/10 ules \TU/LinLibertine(0)/m/n/10 (ordered operations
 and nested control flow), \TU/LinLibertine(0)/m/it/10 bind \TU/LinLibertine(0)
/m/n/10 (types,
 []


Overfull \hbox (4.71338pt too wide) in paragraph at lines 20--28
\TU/LinLibertine(0)/m/n/10 optional \TU/LinLibertine(0)/m/it/10 constants \TU/L
inLibertine(0)/m/n/10 and \TU/LinLibertine(0)/m/it/10 structs \TU/LinLibertine(
0)/m/n/10 from selected source facts. Mod-
 []


Overfull \hbox (6.25089pt too wide) in paragraph at lines 20--28
\TU/LinLibertine(0)/m/n/10 tion transport, and functional-state operations. Fun
ction roles
 []


Overfull \hbox (36.32674pt too wide) in paragraph at lines 20--28
\TU/LinLibertine(0)/m/n/10 are represented by callback and state bindings; the 
full \TU/inconsolata(0)/m/n/10 FunctionSpec
 []


Overfull \hbox (8.13673pt too wide) in paragraph at lines 29--35
\TU/LinLibertine(0)/m/n/10 generation-oriented projection; not every analysis f
act crosses
 []


Underfull \vbox (badness 1270) has occurred while \output is active []

 [8.8]
Overfull \hbox (10.2184pt too wide) in paragraph at lines 40--48
\TU/LinLibertine(0)/m/n/10 Each backend is a self-contained directory containin
g a Python
 []


Overfull \hbox (5.63504pt too wide) in paragraph at lines 49--55
\TU/LinLibertine(0)/m/n/10 the Rust prompt requires the corresponding \TU/incon
solata(0)/m/n/10 tock-registers
 []


Overfull \hbox (4.79504pt too wide) in paragraph at lines 56--63
[]\TU/LinLibertine(0)/m/n/10 The bridge is implemented against any OpenAI-compa
tible
 []


Overfull \hbox (1.87004pt too wide) in paragraph at lines 56--63
\TU/LinLibertine(0)/m/n/10 configuration and are not fixed by the framework. Th
e bridge
 []


Overfull \hbox (4.71004pt too wide) in paragraph at lines 56--63
\TU/LinLibertine(0)/m/n/10 and returns text. Swapping models does not change th
e stated
 []


Overfull \hbox (1.08505pt too wide) in paragraph at lines 67--74
\TU/LinLibertine(0)/m/n/10 fore treats every candidate as untrusted and checks 
it against
 []

LaTeX Font Info:    Font shape `TU/LinLibertine(0)/b/n' will be
(Font)              scaled to size 8.0pt on input line 114.

Underfull \vbox (badness 10000) has occurred while \output is active []


Overfull \hbox (11.09671pt too wide) in paragraph at lines 135--146
\TU/LinLibertine(0)/m/n/10 accounting check. Each recognized operation receives
 a unique
 []


Overfull \hbox (9.68674pt too wide) in paragraph at lines 135--146
\TU/LinLibertine(0)/m/n/10 lowering oracle checks marker presence, cardinality,
 unknown
 []


Overfull \hbox (7.24089pt too wide) in paragraph at lines 135--146
\TU/LinLibertine(0)/m/n/10 identifiers, status, kind, and digest consistency wi
th the frozen
 []


Overfull \hbox (9.22421pt too wide) in paragraph at lines 160--164
[]\TU/LinLibertine(0)/b/n/10 Digest consistency: \TU/LinLibertine(0)/m/n/10 the
 digest in the generated marker
 []


Underfull \vbox (badness 2158) has occurred while \output is active []

 [9.9]
Overfull \hbox (8.5559pt too wide) in paragraph at lines 166--171
[]\TU/LinLibertine(0)/m/n/10 Operations whose addresses are untraceable (e.g., 
\TU/inconsolata(0)/m/n/10 Computed
 []


Overfull \hbox (10.67172pt too wide) in paragraph at lines 174--182
 []\TU/LinLibertine(0)/b/it/10 Trace oracle.[] \TU/LinLibertine(0)/m/n/10 The t
hird stage compares the generated code’s
 []


Overfull \hbox (3.77696pt too wide) in paragraph at lines 183--192
\TU/LinLibertine(0)/m/n/10 template) emit \TU/inconsolata(0)/m/n/10 [rhfn]$\OML
/nxlmi/m/it/10 function$ \TU/LinLibertine(0)/m/n/10 boundaries before each mod-

 []


Overfull \hbox (13.7184pt too wide) in paragraph at lines 183--192
\TU/LinLibertine(0)/m/n/10 The oracle parses these into per-function segments a
nd matches
 []


Overfull \hbox (2.55254pt too wide) in paragraph at lines 183--192
\TU/LinLibertine(0)/m/n/10 using subsequence matching, which allows the runtime
 trace
 []


Overfull \hbox (13.79422pt too wide) in paragraph at lines 201--209
 []\TU/LinLibertine(0)/b/it/10 Scope of acceptance.[] \TU/LinLibertine(0)/m/n/1
0 The QEMU matcher uses subsequences
 []


Underfull \vbox (badness 10000) has occurred while \output is active []


Overfull \hbox (3.10841pt too wide) in paragraph at lines 230--237
\TU/LinLibertine(0)/m/n/10 We evaluate \TU/LinLibertine(0)/m/sc/10 reharness \T
U/LinLibertine(0)/m/n/10 on 19 versioned Linux driver sources
 []


Overfull \hbox (10.68506pt too wide) in paragraph at lines 230--237
\TU/LinLibertine(0)/m/n/10 QEMU edu PCI device. All results are produced by the
 machine-
 []


Overfull \hbox (22.10504pt too wide) in paragraph at lines 230--237
\TU/LinLibertine(0)/m/n/10 readable $[] [] [][][] [] [][]$ pipeline and exporte
d to $[][][][][][][][][] [] [][][][][][][] []
 []


Overfull \hbox (1.68172pt too wide) in paragraph at lines 246--248
\TU/LinLibertine(0)/m/n/10 terns and branch conditions does the extractor repor
t? 
 []


Overfull \hbox (4.23088pt too wide) in paragraph at lines 248--250
[]\TU/LinLibertine(0)/b/n/10 RQ4 (Baseline translation): \TU/LinLibertine(0)/m/
n/10 Do the deterministically
 []


Overfull \hbox (4.10674pt too wide) in paragraph at lines 248--250
\TU/LinLibertine(0)/m/n/10 generated harness, bare-metal, and Linux outputs com
-
 []


Underfull \hbox (badness 7576) in paragraph at lines 278--278
\TU/LinLibertine(0)/m/n/10 equals Ops in every row; %Sym uses the address-
 []


Underfull \hbox (badness 2608) in paragraph at lines 278--278
\TU/LinLibertine(0)/m/n/10 able Sym+Fixed+Comp denominator. The subset spans
 []


Underfull \hbox (badness 1917) in paragraph at lines 278--278
\TU/LinLibertine(0)/m/n/10 the QEMU-validated drivers (ftgpio010, edu), the mos
t
 []


Overfull \hbox (9.4784pt too wide) in paragraph at lines 283--291
[]\TU/LinLibertine(0)/m/n/10 The symbolic rate of 77.7% shows that preprocessin
g records
 []

[10.10]
Overfull \hbox (1.26503pt too wide) in paragraph at lines 292--300
[]\TU/LinLibertine(0)/m/n/10 The gpio-ftgpio010 and gpio-cadence drivers achiev
e 100%
 []


Overfull \hbox (10.14426pt too wide) in paragraph at lines 330--339
\TU/LinLibertine(0)/m/n/10 reaches 0.450 because library-mediated accesses (GPI
O generic
 []


Overfull \hbox (1.9784pt too wide) in paragraph at lines 330--339
\TU/LinLibertine(0)/m/n/10 callbacks, SDHCI accessors) never appear in the driv
er’s own
 []


Underfull \vbox (badness 1924) has occurred while \output is active []


Overfull \hbox (3.0392pt too wide) in paragraph at lines 340--350
[]\TU/LinLibertine(0)/b/n/10 Cross-validation. \TU/LinLibertine(0)/m/n/10 An in
dependent CodeQL query — built
 []


Overfull \hbox (11.77505pt too wide) in paragraph at lines 340--350
\TU/LinLibertine(0)/m/n/10 tools’ independent agreement converts these from une
xplained
 []


Overfull \hbox (1.94339pt too wide) in paragraph at lines 351--361
\TU/LinLibertine(0)/m/n/10 gory crosses the cross-backend contract; the remaini
ng three
 []


Overfull \hbox (12.57669pt too wide) in paragraph at lines 351--361
\TU/LinLibertine(0)/m/n/10 are re-bound per backend. The corpus is integration-
dominated,
 []

LaTeX Font Info:    Font shape `TU/LinLibertine(0)/b/n' will be
(Font)              scaled to size 7.0pt on input line 364.

Underfull \hbox (badness 1360) in paragraph at lines 373--373
\TU/LinLibertine(0)/m/n/10 sured by source-line provenance of emitted operation
s.
 []


Underfull \hbox (badness 1067) in paragraph at lines 405--405
\TU/LinLibertine(0)/m/n/10 tic (0–1), FuncSpec = function-spec quality, DevSpec
 =
 []

[11.11]
Overfull \hbox (18.15338pt too wide) in paragraph at lines 410--415
\TU/LinLibertine(0)/m/n/10 level ground truth. The drivers that achieve 1.000 (
gpio-ftgpio010,
 []


Overfull \hbox (8.17003pt too wide) in paragraph at lines 418--426
\TU/LinLibertine(0)/m/n/10 not sufficient. \TU/LinLibertine(0)/m/sc/10 reharnes
s \TU/LinLibertine(0)/m/n/10 distinguishes \TU/LinLibertine(0)/m/it/10 compilat
ion \TU/LinLibertine(0)/m/n/10 from \TU/LinLibertine(0)/m/it/10 strict
 []


Overfull \hbox (7.96257pt too wide) in paragraph at lines 418--426
\TU/LinLibertine(0)/m/n/10 bindings, and that no readiness blockers (unsupporte
d control-
 []


Overfull \hbox (5.84338pt too wide) in paragraph at lines 418--426
\TU/LinLibertine(0)/m/n/10 flow transfers, unsafe dynamic addresses, unproven l
oop sum-
 []


Overfull \hbox (1.92838pt too wide) in paragraph at lines 427--442
\TU/LinLibertine(0)/m/n/10 and unbound subsystem state as blockers rather than 
silently
 []


Overfull \hbox (7.1934pt too wide) in paragraph at lines 490--506
\TU/LinLibertine(0)/m/n/10 for bindings, unsupported operations, and source fac
ts needed
 []


Overfull \hbox (19.3517pt too wide) in paragraph at lines 490--506
\TU/LinLibertine(0)/m/n/10 in their blocker lists ($[][][][][][][][] [] [][][][
][][][][][][][] [] [][][][][][][] [] [][][][][][] []
 []


Overfull \hbox (24.2417pt too wide) in paragraph at lines 490--506
\TU/LinLibertine(0)/m/n/10 ver with 13 computed dynamic register addresses (\TU
/inconsolata(0)/m/n/10 gpio-mb86s7x\TU/LinLibertine(0)/m/n/10 ),
 []

[12.12]
Overfull \hbox (8.59169pt too wide) in paragraph at lines 507--520
\TU/LinLibertine(0)/m/n/10 reported with the artifact ($[][][][][][][][] [] [][
][][][][][][][][][] [] [][][][][][][] []
 []


Overfull \hbox (10.67505pt too wide) in paragraph at lines 618--638
\TU/LinLibertine(0)/m/n/10 ters of the deterministic baseline at the frozen com
mit recorded
 []


Overfull \hbox (1.65839pt too wide) in paragraph at lines 618--638
\TU/LinLibertine(0)/m/n/10 in the versioned QEMU artifact, which pins the kerne
l-image
 []


Overfull \hbox (2.44672pt too wide) in paragraph at lines 618--638
\TU/LinLibertine(0)/m/n/10 SHA-256, per-experiment manifest digests, and driver
 source
 []


Overfull \hbox (9.97008pt too wide) in paragraph at lines 618--638
\TU/LinLibertine(0)/m/n/10 other 3 (e1000, e1000e, usb-storage) are probe-level
 runs whose
 []


Overfull \hbox (3.89174pt too wide) in paragraph at lines 618--638
\TU/LinLibertine(0)/m/n/10 with injected function-entry probes covering 36.8% a
nd 11.1%
 []


Overfull \hbox (1.15839pt too wide) in paragraph at lines 639--643
[]\TU/LinLibertine(0)/m/n/10 The remainder of this subsection and the DesignWar
e case
 []

[13.13]
Overfull \hbox (2.56917pt too wide) in paragraph at lines 688--702
[]\TU/LinLibertine(0)/b/n/10 Closed-loop LLM record. \TU/LinLibertine(0)/m/n/10
 Beyond the deterministic base-
 []


Overfull \hbox (3.1259pt too wide) in paragraph at lines 688--702
\TU/LinLibertine(0)/m/n/10 line, the repository versions a closed-loop record f
or 2 source-
 []


Overfull \hbox (7.30672pt too wide) in paragraph at lines 688--702
\TU/LinLibertine(0)/m/n/10 single-endpoint records without repeated sampling; t
hey com-
 []


Overfull \hbox (7.06339pt too wide) in paragraph at lines 688--702
\TU/LinLibertine(0)/m/n/10 plement, and do not replace, the deterministic-basel
ine QEMU
 []


Overfull \hbox (5.56342pt too wide) in paragraph at lines 703--737
\TU/LinLibertine(0)/m/n/10 ture 0 with the model then in service (glm-5.2; the 
constrained
 []


Overfull \hbox (1.56174pt too wide) in paragraph at lines 703--737
\TU/LinLibertine(0)/m/n/10 pipeline’s recorded chain uses glm-5.3-highspeed) an
d a min-
 []


Overfull \hbox (16.53256pt too wide) in paragraph at lines 703--737
\TU/LinLibertine(0)/m/n/10 region-bounded echo of the failing definitions, boun
ded rounds);
 []


Overfull \hbox (4.7884pt too wide) in paragraph at lines 703--737
\TU/LinLibertine(0)/m/n/10 fenced body and repair calls stalling unanswered (al
l attempts
 []


Overfull \hbox (2.61504pt too wide) in paragraph at lines 703--737
\TU/LinLibertine(0)/m/n/10 are versioned in $[][][][][][][][] [] [][][][][][][]
[][][][] [] [][][][][][][] [] [][][][][][] [][]
 []


Overfull \hbox (1.45837pt too wide) in paragraph at lines 738--768
\TU/LinLibertine(0)/m/n/10 the constrained DesignWare pipeline itself was rerun
 5 times
 []


Overfull \hbox (18.68257pt too wide) in paragraph at lines 738--768
\TU/LinLibertine(0)/m/n/10 pass (compile repair disabled), post compile-repair 
(the pipeline’s
 []


Overfull \hbox (7.13257pt too wide) in paragraph at lines 738--768
\TU/LinLibertine(0)/m/n/10 default bounded budget), and post receipt-repair (th
e bounded
 []

[14.14]
Overfull \hbox (13.05501pt too wide) in paragraph at lines 769--813
[][][][][][][][] [] [][][][][][][][][][][] [] [][][][][][][] [] [][][][] [][] [
][][][][][][] [][] [][][][][][][][] [][]
 []


Overfull \hbox (5.68173pt too wide) in paragraph at lines 769--813
\TU/LinLibertine(0)/m/n/10 leaf) and 1/5 passes the full strict gate—including 
1 trial whose
 []


Overfull \hbox (25.33505pt too wide) in paragraph at lines 814--834
\TU/LinLibertine(0)/m/n/10 puts and measurements are versioned in $[][][][][][]
[][] [] [][][][][][][][][][][] []
 []


Overfull \hbox (47.80606pt too wide) in paragraph at lines 843--857
 [][] 
 []

[15.15]
Overfull \hbox (3.04333pt too wide) in paragraph at lines 884--890
[]\TU/LinLibertine(0)/b/n/10 Functional-state preservation. \TU/LinLibertine(0)
/m/n/10 The writer preserves the
 []


Overfull \hbox (15.79088pt too wide) in paragraph at lines 891--953
\TU/LinLibertine(0)/m/n/10 specification by the same LLM bridge (model glm-5.3-
highspeed,
 []


Overfull \hbox (6.12837pt too wide) in paragraph at lines 891--953
\TU/LinLibertine(0)/m/n/10 passes—anchor-name canonicalization to the generator
’s dou-
 []


Overfull \hbox (18.35167pt too wide) in paragraph at lines 891--953
\TU/LinLibertine(0)/m/n/10 bled \TU/inconsolata(0)/m/n/10 __rh_op_op_$\OML/nxlm
i/m/it/10 <$\TU/inconsolata(0)/m/n/10 n$\OML/nxlmi/m/it/10 >$ \TU/LinLibertine(
0)/m/n/10 labels and \TU/inconsolata(0)/m/n/10 __rh_txn_$\OML/nxlmi/m/it/10 <$\
TU/inconsolata(0)/m/n/10 n$\OML/nxlmi/m/it/10 >$ \TU/inconsolata(0)/m/n/10 tran
saction
 []


Overfull \hbox (1.43672pt too wide) in paragraph at lines 891--953
\TU/inconsolata(0)/m/n/10 anchors\TU/LinLibertine(0)/m/n/10 , digest rewriting 
from the contract, register-receipt-
 []


Overfull \hbox (4.57587pt too wide) in paragraph at lines 891--953
\TU/LinLibertine(0)/m/n/10 to-transaction-marker conversion, duplicate-receipt 
removal,
 []


Overfull \hbox (12.31755pt too wide) in paragraph at lines 891--953
\TU/LinLibertine(0)/m/n/10 definitions—which repair metadata and structure only
: register-
 []


Overfull \hbox (16.48004pt too wide) in paragraph at lines 891--953
\TU/LinLibertine(0)/m/n/10 pilation, and the ordered data-flow items below. A t
hird bounded
 []


Overfull \hbox (6.77591pt too wide) in paragraph at lines 891--953
\TU/LinLibertine(0)/m/n/10 an upstream-shaped reference fragment, completes the
 buffer-
 []


Overfull \hbox (9.63255pt too wide) in paragraph at lines 891--953
\TU/LinLibertine(0)/m/n/10 side transfer-loop dataflow (tx/rx cursor advance, l
ength decre-
 []


Overfull \hbox (3.57668pt too wide) in paragraph at lines 891--953
[][][][][][] [][] [][][] [] [][][][]$\TU/LinLibertine(0)/m/n/10 . The artifacts
 are audited by the versioned,
 []


Overfull \hbox (1.58255pt too wide) in paragraph at lines 891--953
\TU/LinLibertine(0)/m/n/10 per-item, per-backend evidence in $[][][][][][][][] 
[] [][][][][][][][][][][] []
 []


Overfull \hbox (8.17676pt too wide) in paragraph at lines 891--953
\TU/LinLibertine(0)/m/n/10 level case study rather than a held-out evaluation; 
the pipeline-
 []


Overfull \hbox (6.59256pt too wide) in paragraph at lines 954--1000
\TU/LinLibertine(0)/m/n/10 sumed), we inject five single-fault mutants—an inven
ted write
 []


Overfull \hbox (6.20755pt too wide) in paragraph at lines 954--1000
\TU/LinLibertine(0)/m/n/10 recorded per mutant): the invented write and the wid
th shrink
 []


Overfull \hbox (4.2659pt too wide) in paragraph at lines 954--1000
\TU/LinLibertine(0)/m/n/10 by receipt accounting, and the forged receipt by the
 primitive-
 []


Overfull \hbox (8.01508pt too wide) in paragraph at lines 954--1000
\TU/LinLibertine(0)/m/n/10 plan refuses to authorize receipts inside such loops
 (an exactly-
 []


Overfull \hbox (3.84921pt too wide) in paragraph at lines 954--1000
\TU/LinLibertine(0)/m/n/10 ordered-dataflow items (store-before-advance), which
 sit out-
 []


Overfull \hbox (12.9867pt too wide) in paragraph at lines 954--1000
\TU/LinLibertine(0)/m/n/10 side the gate. Results are versioned in $[][][][][][
][][] [] [][][][][][][][][][][] []
 []


Overfull \hbox (2.5284pt too wide) in paragraph at lines 954--1000
\TU/LinLibertine(0)/m/n/10 the loop-aware receipt discharge sketched in Section
 [][]7.3[][] then
 []


Overfull \hbox (3.58508pt too wide) in paragraph at lines 954--1000
\TU/LinLibertine(0)/m/n/10 measures these 17 entries on the pristine artifact w
ith anchor-
 []


Overfull \hbox (12.96922pt too wide) in paragraph at lines 954--1000
\TU/LinLibertine(0)/m/n/10 ter offset, and the 5 FIFO-loop receipts of \TU/inco
nsolata(0)/m/n/10 dw_spi_exec_mem_op
 []

[16.16]) (./sections_9_11.tex
Overfull \hbox (6.83257pt too wide) in paragraph at lines 13--19
\TU/LinLibertine(0)/m/sc/10 reharness \TU/LinLibertine(0)/m/n/10 models common 
GPIO, IRQ, platform, PCI, AMBA,
 []


Overfull \hbox (1.41168pt too wide) in paragraph at lines 13--19
\TU/LinLibertine(0)/m/n/10 regmap, I2C/SMBus, and MFD paths. Network, DMA-engin
e,
 []


Overfull \hbox (5.32425pt too wide) in paragraph at lines 13--19
\TU/LinLibertine(0)/m/n/10 sion, backward \TU/inconsolata(0)/m/n/10 goto\TU/Lin
Libertine(0)/m/n/10 s, unbounded loops, and general abstract-
 []


Underfull \vbox (badness 10000) has occurred while \output is active []


Overfull \hbox (10.05504pt too wide) in paragraph at lines 31--37
\TU/LinLibertine(0)/m/n/10 and samples. Compilation, receipt accounting, primit
ive-shape
 []


Overfull \hbox (2.03003pt too wide) in paragraph at lines 31--37
\TU/LinLibertine(0)/m/n/10 equivalence and arbitrary hardware equivalence. The 
trusted
 []


Overfull \hbox (4.04752pt too wide) in paragraph at lines 38--42
\TU/LinLibertine(0)/m/n/10 spect this data flow. Interrupt-spanning state machi
nes, DMA
 []


Overfull \hbox (2.95505pt too wide) in paragraph at lines 43--75
\TU/LinLibertine(0)/m/n/10 enteen DesignWare receipts annotate register operati
ons car-
 []


Overfull \hbox (8.75505pt too wide) in paragraph at lines 43--75
\TU/LinLibertine(0)/m/n/10 ried by loops whose trip count the extractor marks u
nbounded,
 []


Overfull \hbox (3.46835pt too wide) in paragraph at lines 43--75
\TU/LinLibertine(0)/m/n/10 ship artifact (\TU/inconsolata(0)/m/n/10 qa/verifica
tion/loop_aware_receipts.py\TU/LinLibertine(0)/m/n/10 ;
 []


Overfull \hbox (71.08168pt too wide) in paragraph at lines 43--75
\TU/LinLibertine(0)/m/n/10 record \TU/inconsolata(0)/m/n/10 research/experiment
s/results/dw-loop-aware-receipts.json\TU/LinLibertine(0)/m/n/10 ):
 []


Overfull \hbox (15.64838pt too wide) in paragraph at lines 43--75
\TU/LinLibertine(0)/m/n/10 a deterministic instrumentation pass inserts anchor-
provenance
 []


Underfull \vbox (badness 10000) has occurred while \output is active []

 [17.17]
Overfull \hbox (15.68257pt too wide) in paragraph at lines 87--98
\TU/LinLibertine(0)/m/n/10 records and the Rust artifact remain single-trial, s
ingle-endpoint
 []


Overfull \hbox (5.21173pt too wide) in paragraph at lines 110--124
\TU/LinLibertine(0)/m/n/10 three clock and one virtio cases fail with the same 
call-context
 []


Overfull \hbox (1.19505pt too wide) in paragraph at lines 131--136
\TU/LinLibertine(0)/m/n/10 that extracts recognized device-core evidence from c
omplete
 []


Underfull \vbox (badness 10000) has occurred while \output is active []

LaTeX Font Info:    Font shape `TU/LinLibertine(0)/m/n' will be
(Font)              scaled to size 6.0pt on input line 147.
LaTeX Font Info:    Font shape `TU/LinLibertine(0)/m/it' will be
(Font)              scaled to size 6.0pt on input line 154.

Underfull \hbox (badness 1253) in paragraph at lines 199--203
[]\TU/LinLibertine(0)/m/n/6 P. Jana, P. Jha, H. Ju, G. Kishore, A. Mahajan, and
 V. Ganesh.  CoTran: An LLM-
 []


Underfull \hbox (badness 4205) in paragraph at lines 246--249
[]\TU/LinLibertine(0)/m/n/6 A. Kharlamova et al.  LLM-driven kernel evolution: 
Automating driver updates.
 []

)

Package balance Warning: You have called \balance in second column
(balance)                Columns might not be balanced.

(/usr/share/texlive/texmf-dist/tex/generic/stringenc/se-pdfdoc.def
File: se-pdfdoc.def 2019/11/29 v1.12 stringenc: PDFDocEncoding
)
(/usr/share/texlive/texmf-dist/tex/generic/stringenc/se-utf32be.def
File: se-utf32be.def 2019/11/29 v1.12 stringenc: UTF-32BE
) [18.18]
(./main.aux)
 ***********
LaTeX2e <2023-11-01> patch level 1
L3 programming layer <2024-01-22>
 ***********


LaTeX Font Warning: Some font shapes were not available, defaults substituted.

Package rerunfilecheck Info: File `main.out' has not changed.
(rerunfilecheck)             Checksum: 7E58E64AA9A42CBFCB69F549B2855800;7800.
 ) 
Here is how much of TeX's memory you used:
 47256 strings out of 474878
 968046 string characters out of 5762516
 2030627 words of memory out of 5000000
 68436 multiletter control sequences out of 15000+600000
 617023 words of font info for 217 fonts, out of 8000000 for 9000
 1509 hyphenation exceptions out of 8191
 109i,17n,142p,26959b,32960s stack positions out of 10000i,1000n,20000p,200000b,200000s

Output written on main.xdv (18 pages, 1336712 bytes).
